disease_domain,Adverse Events/Safety,Biomarkers/Lab Values,Quality of Life/PRO,Pharmacokinetics,Symptoms/Pain,Response Rates,Survival/Time-to-Event,Vital Signs/Physical Measures,Mental Health Outcomes,Functional Status,Imaging Outcomes,Disease Activity Scores,Immunogenicity,Treatment Adherence,Hospitalization/Healthcare Use,Disease Control,Mortality,Microbiological/Virological,Other Clinical Endpoints,Remission/Cure,Dose-Finding
Neoplastic disease,23.622840,-49.805528,-35.873932,42.959548,-55.210008,120.944928,207.070990,-53.422662,-53.191566,-51.732091,-13.726243,-42.855224,-19.682268,-22.704023,-29.434088,31.722462,1.918507,-25.533476,-10.244419,-4.454283,41.109044
Infection,45.311312,3.795342,-40.534651,14.054982,-40.640303,-3.933955,-30.644448,-27.170023,-36.390026,-43.913417,-31.633137,-27.207782,153.441669,5.772106,18.765689,-4.301624,13.924235,136.126167,-1.699479,1.257669,-11.985994
Disorder of endocrine system,-24.133094,136.988738,-8.231301,-17.571085,-24.610458,-26.099334,-37.786645,56.299495,-20.999232,-16.450857,-7.800249,-23.988042,-27.901619,-0.943638,-11.161196,-14.501266,-10.675153,-17.298464,0.692513,-13.408615,-0.110268
Mental illness,-49.722533,-36.375849,39.888682,-35.204861,9.390745,-24.103943,-41.911109,-8.088539,247.156851,-5.387926,-16.686443,-17.842027,-34.021115,59.825546,-11.047495,-25.942887,-19.603319,-18.365648,14.122527,6.607976,-9.958607
Neurological disorder,-16.674377,-32.676055,20.086752,-25.069102,47.649733,-27.655166,-32.213445,-10.502039,45.837148,91.550861,16.614269,10.687303,-16.003708,-5.801326,-10.008512,-15.943329,-6.970866,-17.092143,-7.266448,-12.019437,-5.855938
Cardiovascular disease,18.368977,42.668800,-19.017968,-33.994078,-36.325948,-32.676601,-20.795479,49.197282,-26.558324,2.633579,54.263302,-21.697701,-29.820186,-2.861946,19.396448,7.595426,51.747301,-16.524747,10.050836,-13.063177,-7.021504
Respiratory disease,-5.910767,-1.835702,-6.895928,-3.102830,13.296332,-32.322120,-21.175044,79.583720,-30.506215,9.440759,-9.783419,-17.986954,-11.133925,2.062993,27.200721,34.868879,6.015677,-4.543841,-5.807266,-11.529293,-5.551967
Situation with explicit context,-8.123635,-19.029720,7.547383,133.133577,-20.149247,-36.180842,-33.144909,-1.501618,4.256564,-3.614188,-14.727186,-21.967044,16.468702,11.332212,-0.050626,-16.718862,-12.896939,-2.762776,4.867246,-12.392063,-8.966297
Disorder of immune function,0.093486,5.664471,-1.838879,-9.028405,-14.248432,18.251749,-9.133854,-19.119240,-26.449017,-3.191747,-1.779601,93.901076,-1.491885,-4.557441,-10.203189,-2.132959,-0.694937,-6.703374,-5.086694,34.927388,0.373381
Disorder of digestive system,-6.886405,15.492485,-5.969723,0.105861,27.029132,-0.958469,-23.559289,-8.671609,-22.267074,-11.614754,-4.186348,27.472393,-6.822008,-8.649509,6.405246,5.433356,-5.639730,-1.912608,-1.906490,67.347965,-5.042793
Musculoskeletal disorder,-15.965634,-15.055369,22.487439,-28.633446,46.669834,-4.977317,-24.983824,-22.018876,-17.884526,52.225928,33.881960,30.975992,1.191202,-5.762347,-1.095265,-10.857068,-13.293623,-13.263973,-5.780209,-2.166139,-5.103663
Disorder of the genitourinary system,0.458685,18.400129,18.372415,-3.777393,31.027313,-9.407436,-13.930328,-2.461117,-21.111222,-10.014385,-2.180785,-16.656533,-19.946079,-5.114987,9.860302,-6.449495,-2.478351,-8.095443,9.954937,-4.000793,-0.024234
Disorder of skin,-9.590839,-21.662645,20.867968,-15.672722,24.437866,35.054982,-23.595603,-13.632347,-22.697035,-23.010706,-10.536685,147.036624,-14.625689,-12.546983,-13.747516,11.693245,-14.746101,-4.317269,-8.971488,-1.869145,-6.902189
Disorder of eye,-11.597881,-26.264599,18.244942,-26.378964,18.249151,-13.573271,-21.891379,8.883096,-24.250375,70.317352,64.787286,15.589524,-17.208849,-4.701151,-12.779650,11.365100,-11.157738,-6.886824,0.396419,-6.283446,-6.110670
Blood disease,10.556584,30.718752,-12.107858,2.498026,-17.655647,15.646357,20.423517,-10.931711,-16.426608,-12.608832,-12.514969,-11.838873,-12.142082,-8.403563,-2.820237,-1.462261,13.137561,-8.221563,-3.748262,0.818608,9.639782
Clinical finding,1.555887,-20.183014,8.418100,-17.015146,93.158386,-20.186943,-16.838975,-0.977177,4.443270,-2.093891,-12.959111,-12.091008,-2.949740,-1.403589,11.201229,-9.544287,-10.121878,-5.456743,-2.299455,-7.161536,-0.952345
Procedure,18.193327,-12.839652,-0.413784,-8.072209,6.564548,-17.573418,-8.019833,22.240914,-6.736356,1.577479,0.421242,-11.424898,-15.879243,-0.417720,30.546285,-6.906668,3.743641,0.987399,11.080347,-5.433669,1.247811
Disorder of haemostatic system,39.438692,-2.899650,-11.693292,10.662154,-17.426539,-12.215235,-13.150792,-10.080299,-17.430122,-10.132501,-3.871092,-8.100821,41.763746,-4.033226,3.492918,1.332896,9.429703,-2.640238,3.267257,-1.809612,-1.228736
Sleep disorder,-16.835950,-15.365037,53.053661,-15.448839,26.219419,-14.093649,-16.463544,6.606913,18.546799,0.903378,-7.435966,-2.084871,-12.118948,7.406351,-4.958126,-5.377796,-6.039428,-7.054044,-0.478862,-4.329137,-3.235995
Injury,1.391944,-11.906256,8.878496,-10.556133,1.795204,-10.315804,-9.246438,-4.156577,17.805289,17.233569,5.312702,-7.318092,-8.870407,6.357403,11.234972,-3.456532,4.678671,-3.704972,9.123464,-2.373447,-3.049111
Disorder of ear,-2.945719,-13.184682,18.327914,-10.619546,5.958615,-8.937839,-10.179965,-4.812118,-2.823368,33.349982,-5.448664,-6.326039,17.958169,-3.023236,-0.295215,-0.692357,-5.105218,3.686075,5.397438,-0.336200,-2.554789
Disorder of labour / delivery,16.357770,-6.760639,-5.239301,-11.324392,-3.612020,-9.431912,-1.174997,10.291632,-6.717325,-3.791727,-3.687991,-5.249008,-6.921681,0.640789,27.502013,-1.619899,18.877478,-0.301150,12.409578,-3.914244,-2.106524
Congenital disease,-3.818372,26.607474,-7.367445,5.975611,-7.685994,-7.450212,-5.341986,-0.077958,-6.894463,6.271904,10.766995,-4.913480,-0.443516,-6.792774,-4.120501,-3.024051,-2.139478,-4.134547,-3.848334,-3.339700,-1.440352
Disorder of body system,-6.509375,2.926368,4.388033,-7.835339,-1.679664,-6.437716,-5.582637,11.480728,7.529082,9.634130,0.581921,-1.999060,-6.006964,1.443279,3.933665,-2.670913,0.693743,-2.165938,0.423599,-1.758529,-1.319973
