outcome_normalized,phase,outcome_trial_count,phase_trial_count,percentage
1-YEAR SURVIVAL RATE,Phase 1,1,5382,0.0186
1-YEAR SURVIVAL RATE,Phase 2,70,17715,0.3951
1-YEAR SURVIVAL RATE,Phase 3,24,12737,0.1884
1-YEAR SURVIVAL RATE,Phase 4,5,7428,0.0673
2-YEAR SURVIVAL RATE,Phase 1,2,5382,0.0372
2-YEAR SURVIVAL RATE,Phase 2,20,17715,0.1129
2-YEAR SURVIVAL RATE,Phase 3,8,12737,0.0628
2-YEAR SURVIVAL RATE,Phase 4,3,7428,0.0404
28-DAY MORTALITY,Phase 1,2,5382,0.0372
28-DAY MORTALITY,Phase 2,18,17715,0.1016
28-DAY MORTALITY,Phase 3,10,12737,0.0785
28-DAY MORTALITY,Phase 4,5,7428,0.0673
30-DAY MORTALITY,Phase 1,3,5382,0.0557
30-DAY MORTALITY,Phase 2,35,17715,0.1976
30-DAY MORTALITY,Phase 3,33,12737,0.2591
30-DAY MORTALITY,Phase 4,20,7428,0.2693
6-MINUTE WALK DISTANCE,Phase 1,3,5382,0.0557
6-MINUTE WALK DISTANCE,Phase 2,31,17715,0.1750
6-MINUTE WALK DISTANCE,Phase 3,16,12737,0.1256
6-MINUTE WALK DISTANCE,Phase 4,12,7428,0.1616
6-MONTH PROGRESSION-FREE SURVIVAL,Phase 2,42,17715,0.2371
6-MONTH PROGRESSION-FREE SURVIVAL,Phase 3,1,12737,0.0079
90-DAY MORTALITY,Phase 2,17,17715,0.0960
90-DAY MORTALITY,Phase 3,18,12737,0.1413
90-DAY MORTALITY,Phase 4,4,7428,0.0539
ABSOLUTE CHANGE IN CFQ-R RESPIRATORY DOMAIN SCORE,Phase 2,9,17715,0.0508
ABSOLUTE CHANGE IN CFQ-R RESPIRATORY DOMAIN SCORE,Phase 3,31,12737,0.2434
ABSOLUTE CHANGE IN CFQ-R RESPIRATORY DOMAIN SCORE,Phase 4,1,7428,0.0135
ACCUMULATION RATIO,Phase 1,170,5382,3.1587
ACCUMULATION RATIO,Phase 2,60,17715,0.3387
ACCUMULATION RATIO,Phase 3,6,12737,0.0471
ACCUMULATION RATIO,Phase 4,1,7428,0.0135
ACR20 RESPONSE,Phase 1,7,5382,0.1301
ACR20 RESPONSE,Phase 2,134,17715,0.7564
ACR20 RESPONSE,Phase 3,195,12737,1.5310
ACR20 RESPONSE,Phase 4,26,7428,0.3500
ACR50 RESPONSE,Phase 1,2,5382,0.0372
ACR50 RESPONSE,Phase 2,105,17715,0.5927
ACR50 RESPONSE,Phase 3,146,12737,1.1463
ACR50 RESPONSE,Phase 4,24,7428,0.3231
ACR70 RESPONSE,Phase 1,4,5382,0.0743
ACR70 RESPONSE,Phase 2,94,17715,0.5306
ACR70 RESPONSE,Phase 3,122,12737,0.9578
ACR70 RESPONSE,Phase 4,20,7428,0.2693
ACTIVITIES OF DAILY LIVING,Phase 2,8,17715,0.0452
ACTIVITIES OF DAILY LIVING,Phase 3,4,12737,0.0314
ACTIVITIES OF DAILY LIVING,Phase 4,1,7428,0.0135
ADVERSE EVENTS LEADING TO DISCONTINUATION,Phase 1,5,5382,0.0929
ADVERSE EVENTS LEADING TO DISCONTINUATION,Phase 2,34,17715,0.1919
ADVERSE EVENTS LEADING TO DISCONTINUATION,Phase 3,25,12737,0.1963
ADVERSE EVENTS LEADING TO DISCONTINUATION,Phase 4,6,7428,0.0808
ALL COLLECTED DEATHS,Phase 2,33,17715,0.1863
ALL COLLECTED DEATHS,Phase 3,39,12737,0.3062
ALL COLLECTED DEATHS,Phase 4,2,7428,0.0269
ALL-CAUSE MORTALITY,Phase 1,5,5382,0.0929
ALL-CAUSE MORTALITY,Phase 2,158,17715,0.8919
ALL-CAUSE MORTALITY,Phase 3,271,12737,2.1277
ALL-CAUSE MORTALITY,Phase 4,76,7428,1.0232
ANNUAL EXACERBATION RATE,Phase 2,13,17715,0.0734
ANNUAL EXACERBATION RATE,Phase 3,44,12737,0.3455
ANNUAL EXACERBATION RATE,Phase 4,10,7428,0.1346
ANNUALIZED BLEEDING RATE,Phase 2,3,17715,0.0169
ANNUALIZED BLEEDING RATE,Phase 3,27,12737,0.2120
ANNUALIZED BLEEDING RATE,Phase 4,8,7428,0.1077
ANNUALIZED RELAPSE RATE,Phase 2,22,17715,0.1242
ANNUALIZED RELAPSE RATE,Phase 3,42,12737,0.3297
ANNUALIZED RELAPSE RATE,Phase 4,5,7428,0.0673
ANTI-DRUG ANTIBODIES,Phase 1,74,5382,1.3750
ANTI-DRUG ANTIBODIES,Phase 2,103,17715,0.5814
ANTI-DRUG ANTIBODIES,Phase 3,174,12737,1.3661
ANTI-DRUG ANTIBODIES,Phase 4,13,7428,0.1750
ANTIBODY TITER,Phase 1,22,5382,0.4088
ANTIBODY TITER,Phase 2,97,17715,0.5476
ANTIBODY TITER,Phase 3,120,12737,0.9421
ANTIBODY TITER,Phase 4,21,7428,0.2827
ANXIETY SCORE,Phase 2,4,17715,0.0226
ANXIETY SCORE,Phase 3,2,12737,0.0157
ANXIETY SCORE,Phase 4,4,7428,0.0539
APNEA-HYPOPNEA INDEX,Phase 1,2,5382,0.0372
APNEA-HYPOPNEA INDEX,Phase 2,5,17715,0.0282
APNEA-HYPOPNEA INDEX,Phase 3,2,12737,0.0157
APNEA-HYPOPNEA INDEX,Phase 4,1,7428,0.0135
APPARENT CLEARANCE,Phase 1,99,5382,1.8395
APPARENT CLEARANCE,Phase 2,22,17715,0.1242
APPARENT CLEARANCE,Phase 3,9,12737,0.0707
APPARENT CLEARANCE,Phase 4,1,7428,0.0135
APPARENT CLEARANCE (CL/F),Phase 1,47,5382,0.8733
APPARENT CLEARANCE (CL/F),Phase 2,16,17715,0.0903
APPARENT CLEARANCE (CL/F),Phase 3,11,12737,0.0864
APPARENT CLEARANCE (CL/F),Phase 4,1,7428,0.0135
APPARENT ORAL CLEARANCE,Phase 1,77,5382,1.4307
APPARENT ORAL CLEARANCE,Phase 2,16,17715,0.0903
APPARENT ORAL CLEARANCE,Phase 3,8,12737,0.0628
APPARENT ORAL CLEARANCE,Phase 4,3,7428,0.0404
APPARENT TERMINAL ELIMINATION HALF-LIFE,Phase 1,47,5382,0.8733
APPARENT TERMINAL ELIMINATION HALF-LIFE,Phase 2,6,17715,0.0339
APPARENT TERMINAL ELIMINATION HALF-LIFE,Phase 3,2,12737,0.0157
APPARENT TERMINAL ELIMINATION HALF-LIFE,Phase 4,3,7428,0.0404
APPARENT TERMINAL HALF-LIFE,Phase 1,108,5382,2.0067
APPARENT TERMINAL HALF-LIFE,Phase 2,12,17715,0.0677
APPARENT TERMINAL HALF-LIFE,Phase 3,1,12737,0.0079
APPARENT TOTAL BODY CLEARANCE,Phase 1,33,5382,0.6132
APPARENT TOTAL BODY CLEARANCE,Phase 2,8,17715,0.0452
APPARENT TOTAL BODY CLEARANCE,Phase 3,2,12737,0.0157
APPARENT TOTAL BODY CLEARANCE,Phase 4,2,7428,0.0269
APPARENT VOLUME OF DISTRIBUTION,Phase 1,314,5382,5.8343
APPARENT VOLUME OF DISTRIBUTION,Phase 2,77,17715,0.4347
APPARENT VOLUME OF DISTRIBUTION,Phase 3,22,12737,0.1727
APPARENT VOLUME OF DISTRIBUTION,Phase 4,7,7428,0.0942
APPARENT VOLUME OF DISTRIBUTION (VZ/F),Phase 1,34,5382,0.6317
APPARENT VOLUME OF DISTRIBUTION (VZ/F),Phase 2,6,17715,0.0339
APPARENT VOLUME OF DISTRIBUTION (VZ/F),Phase 4,2,7428,0.0269
AREA UNDER THE CONCENTRATION-TIME CURVE,Phase 1,818,5382,15.1988
AREA UNDER THE CONCENTRATION-TIME CURVE,Phase 2,232,17715,1.3096
AREA UNDER THE CONCENTRATION-TIME CURVE,Phase 3,76,12737,0.5967
AREA UNDER THE CONCENTRATION-TIME CURVE,Phase 4,41,7428,0.5520
AUC FROM 0 TO INFINITY,Phase 1,1196,5382,22.2222
AUC FROM 0 TO INFINITY,Phase 2,164,17715,0.9258
AUC FROM 0 TO INFINITY,Phase 3,56,12737,0.4397
AUC FROM 0 TO INFINITY,Phase 4,45,7428,0.6058
AUC FROM 0 TO LAST MEASURABLE CONCENTRATION,Phase 1,546,5382,10.1449
AUC FROM 0 TO LAST MEASURABLE CONCENTRATION,Phase 2,130,17715,0.7338
AUC FROM 0 TO LAST MEASURABLE CONCENTRATION,Phase 3,29,12737,0.2277
AUC FROM 0 TO LAST MEASURABLE CONCENTRATION,Phase 4,22,7428,0.2962
AUC(0-T),Phase 1,31,5382,0.5760
AUC(0-T),Phase 2,8,17715,0.0452
AUC(0-T),Phase 3,2,12737,0.0157
AUC0-LAST,Phase 1,46,5382,0.8547
AUC0-LAST,Phase 2,12,17715,0.0677
AUC0-LAST,Phase 3,2,12737,0.0157
AUC0-LAST,Phase 4,3,7428,0.0404
AUC0-TZ,Phase 1,48,5382,0.8919
AUC0-TZ,Phase 2,3,17715,0.0169
AUC0-TZ,Phase 3,1,12737,0.0079
AUC0-TZ,Phase 4,1,7428,0.0135
AUCINF,Phase 1,41,5382,0.7618
AUCINF,Phase 2,8,17715,0.0452
AUCINF,Phase 3,3,12737,0.0236
AUCTAU,Phase 1,54,5382,1.0033
AUCTAU,Phase 2,21,17715,0.1185
AUCTAU,Phase 3,4,12737,0.0314
AUCTAU,Phase 4,6,7428,0.0808
AUC∞,Phase 1,77,5382,1.4307
AUC∞,Phase 2,1,17715,0.0056
AVERAGE PAIN SCORE,Phase 2,7,17715,0.0395
AVERAGE PAIN SCORE,Phase 3,15,12737,0.1178
AVERAGE PAIN SCORE,Phase 4,9,7428,0.1212
AVERAGE PLASMA CONCENTRATION,Phase 1,18,5382,0.3344
AVERAGE PLASMA CONCENTRATION,Phase 2,15,17715,0.0847
AVERAGE PLASMA CONCENTRATION,Phase 4,3,7428,0.0404
BECK DEPRESSION INVENTORY SCORE,Phase 2,10,17715,0.0564
BECK DEPRESSION INVENTORY SCORE,Phase 3,2,12737,0.0157
BECK DEPRESSION INVENTORY SCORE,Phase 4,4,7428,0.0539
BEST OVERALL RESPONSE RATE,Phase 1,16,5382,0.2973
BEST OVERALL RESPONSE RATE,Phase 2,80,17715,0.4516
BEST OVERALL RESPONSE RATE,Phase 3,22,12737,0.1727
BODY MASS INDEX,Phase 1,2,5382,0.0372
BODY MASS INDEX,Phase 2,7,17715,0.0395
BODY MASS INDEX,Phase 3,5,12737,0.0393
BODY MASS INDEX,Phase 4,8,7428,0.1077
CARDIOVASCULAR MORTALITY,Phase 2,8,17715,0.0452
CARDIOVASCULAR MORTALITY,Phase 3,53,12737,0.4161
CARDIOVASCULAR MORTALITY,Phase 4,13,7428,0.1750
CHANGE FROM BASELINE IN BCVA,Phase 2,13,17715,0.0734
CHANGE FROM BASELINE IN BCVA,Phase 3,23,12737,0.1806
CHANGE FROM BASELINE IN BCVA,Phase 4,1,7428,0.0135
CHANGE FROM BASELINE IN BEST CORRECTED VISUAL ACUITY,Phase 1,1,5382,0.0186
CHANGE FROM BASELINE IN BEST CORRECTED VISUAL ACUITY,Phase 2,23,17715,0.1298
CHANGE FROM BASELINE IN BEST CORRECTED VISUAL ACUITY,Phase 3,14,12737,0.1099
CHANGE FROM BASELINE IN BEST CORRECTED VISUAL ACUITY,Phase 4,4,7428,0.0539
CHANGE FROM BASELINE IN BLOOD PRESSURE,Phase 1,30,5382,0.5574
CHANGE FROM BASELINE IN BLOOD PRESSURE,Phase 2,47,17715,0.2653
CHANGE FROM BASELINE IN BLOOD PRESSURE,Phase 3,46,12737,0.3612
CHANGE FROM BASELINE IN BLOOD PRESSURE,Phase 4,13,7428,0.1750
CHANGE FROM BASELINE IN BODY TEMPERATURE,Phase 1,20,5382,0.3716
CHANGE FROM BASELINE IN BODY TEMPERATURE,Phase 2,14,17715,0.0790
CHANGE FROM BASELINE IN BODY TEMPERATURE,Phase 3,12,12737,0.0942
CHANGE FROM BASELINE IN BODY TEMPERATURE,Phase 4,3,7428,0.0404
CHANGE FROM BASELINE IN BODY WEIGHT,Phase 1,3,5382,0.0557
CHANGE FROM BASELINE IN BODY WEIGHT,Phase 2,16,17715,0.0903
CHANGE FROM BASELINE IN BODY WEIGHT,Phase 3,22,12737,0.1727
CHANGE FROM BASELINE IN CGI-S SCORE,Phase 2,31,17715,0.1750
CHANGE FROM BASELINE IN CGI-S SCORE,Phase 3,53,12737,0.4161
CHANGE FROM BASELINE IN CGI-S SCORE,Phase 4,12,7428,0.1616
CHANGE FROM BASELINE IN CLINICAL CHEMISTRY PARAMETERS,Phase 1,19,5382,0.3530
CHANGE FROM BASELINE IN CLINICAL CHEMISTRY PARAMETERS,Phase 2,19,17715,0.1073
CHANGE FROM BASELINE IN CLINICAL CHEMISTRY PARAMETERS,Phase 3,16,12737,0.1256
CHANGE FROM BASELINE IN DIASTOLIC BLOOD PRESSURE,Phase 1,14,5382,0.2601
CHANGE FROM BASELINE IN DIASTOLIC BLOOD PRESSURE,Phase 2,18,17715,0.1016
CHANGE FROM BASELINE IN DIASTOLIC BLOOD PRESSURE,Phase 3,30,12737,0.2355
CHANGE FROM BASELINE IN DIASTOLIC BLOOD PRESSURE,Phase 4,8,7428,0.1077
CHANGE FROM BASELINE IN ECG PARAMETERS,Phase 1,20,5382,0.3716
CHANGE FROM BASELINE IN ECG PARAMETERS,Phase 2,21,17715,0.1185
CHANGE FROM BASELINE IN ECG PARAMETERS,Phase 3,20,12737,0.1570
CHANGE FROM BASELINE IN ECG PARAMETERS,Phase 4,2,7428,0.0269
CHANGE FROM BASELINE IN ERYTHROCYTES,Phase 1,16,5382,0.2973
CHANGE FROM BASELINE IN ERYTHROCYTES,Phase 2,19,17715,0.1073
CHANGE FROM BASELINE IN ERYTHROCYTES,Phase 3,22,12737,0.1727
CHANGE FROM BASELINE IN ERYTHROCYTES,Phase 4,2,7428,0.0269
CHANGE FROM BASELINE IN FASTING PLASMA GLUCOSE,Phase 1,4,5382,0.0743
CHANGE FROM BASELINE IN FASTING PLASMA GLUCOSE,Phase 2,9,17715,0.0508
CHANGE FROM BASELINE IN FASTING PLASMA GLUCOSE,Phase 3,25,12737,0.1963
CHANGE FROM BASELINE IN FASTING PLASMA GLUCOSE,Phase 4,4,7428,0.0539
CHANGE FROM BASELINE IN FEV1,Phase 1,4,5382,0.0743
CHANGE FROM BASELINE IN FEV1,Phase 2,81,17715,0.4572
CHANGE FROM BASELINE IN FEV1,Phase 3,78,12737,0.6124
CHANGE FROM BASELINE IN FEV1,Phase 4,22,7428,0.2962
CHANGE FROM BASELINE IN HEART RATE,Phase 1,16,5382,0.2973
CHANGE FROM BASELINE IN HEART RATE,Phase 2,21,17715,0.1185
CHANGE FROM BASELINE IN HEART RATE,Phase 3,14,12737,0.1099
CHANGE FROM BASELINE IN HEART RATE,Phase 4,2,7428,0.0269
CHANGE FROM BASELINE IN HEIGHT,Phase 1,1,5382,0.0186
CHANGE FROM BASELINE IN HEIGHT,Phase 2,13,17715,0.0734
CHANGE FROM BASELINE IN HEIGHT,Phase 3,17,12737,0.1335
CHANGE FROM BASELINE IN HEIGHT,Phase 4,4,7428,0.0539
CHANGE FROM BASELINE IN HEMATOCRIT,Phase 1,31,5382,0.5760
CHANGE FROM BASELINE IN HEMATOCRIT,Phase 2,54,17715,0.3048
CHANGE FROM BASELINE IN HEMATOCRIT,Phase 3,39,12737,0.3062
CHANGE FROM BASELINE IN HEMATOCRIT,Phase 4,5,7428,0.0673
CHANGE FROM BASELINE IN HEMATOLOGY PARAMETERS,Phase 1,31,5382,0.5760
CHANGE FROM BASELINE IN HEMATOLOGY PARAMETERS,Phase 2,30,17715,0.1693
CHANGE FROM BASELINE IN HEMATOLOGY PARAMETERS,Phase 3,27,12737,0.2120
CHANGE FROM BASELINE IN HEMATOLOGY PARAMETERS,Phase 4,3,7428,0.0404
CHANGE FROM BASELINE IN INTRAOCULAR PRESSURE,Phase 1,1,5382,0.0186
CHANGE FROM BASELINE IN INTRAOCULAR PRESSURE,Phase 2,5,17715,0.0282
CHANGE FROM BASELINE IN INTRAOCULAR PRESSURE,Phase 3,7,12737,0.0550
CHANGE FROM BASELINE IN INTRAOCULAR PRESSURE,Phase 4,9,7428,0.1212
CHANGE FROM BASELINE IN PULSE RATE,Phase 1,31,5382,0.5760
CHANGE FROM BASELINE IN PULSE RATE,Phase 2,33,17715,0.1863
CHANGE FROM BASELINE IN PULSE RATE,Phase 3,37,12737,0.2905
CHANGE FROM BASELINE IN PULSE RATE,Phase 4,7,7428,0.0942
CHANGE FROM BASELINE IN RED BLOOD CELL COUNT,Phase 1,7,5382,0.1301
CHANGE FROM BASELINE IN RED BLOOD CELL COUNT,Phase 2,20,17715,0.1129
CHANGE FROM BASELINE IN RED BLOOD CELL COUNT,Phase 3,16,12737,0.1256
CHANGE FROM BASELINE IN RED BLOOD CELL COUNT,Phase 4,1,7428,0.0135
CHANGE FROM BASELINE IN RESPIRATORY RATE,Phase 1,34,5382,0.6317
CHANGE FROM BASELINE IN RESPIRATORY RATE,Phase 2,36,17715,0.2032
CHANGE FROM BASELINE IN RESPIRATORY RATE,Phase 3,15,12737,0.1178
CHANGE FROM BASELINE IN RESPIRATORY RATE,Phase 4,7,7428,0.0942
CHANGE FROM BASELINE IN SYSTOLIC AND DIASTOLIC BLOOD PRESSURE,Phase 1,11,5382,0.2044
CHANGE FROM BASELINE IN SYSTOLIC AND DIASTOLIC BLOOD PRESSURE,Phase 2,19,17715,0.1073
CHANGE FROM BASELINE IN SYSTOLIC AND DIASTOLIC BLOOD PRESSURE,Phase 3,15,12737,0.1178
CHANGE FROM BASELINE IN SYSTOLIC AND DIASTOLIC BLOOD PRESSURE,Phase 4,6,7428,0.0808
CHANGE FROM BASELINE IN SYSTOLIC BLOOD PRESSURE,Phase 1,12,5382,0.2230
CHANGE FROM BASELINE IN SYSTOLIC BLOOD PRESSURE,Phase 2,23,17715,0.1298
CHANGE FROM BASELINE IN SYSTOLIC BLOOD PRESSURE,Phase 3,42,12737,0.3297
CHANGE FROM BASELINE IN SYSTOLIC BLOOD PRESSURE,Phase 4,7,7428,0.0942
CHANGE FROM BASELINE IN TROUGH FEV1,Phase 1,3,5382,0.0557
CHANGE FROM BASELINE IN TROUGH FEV1,Phase 2,37,17715,0.2089
CHANGE FROM BASELINE IN TROUGH FEV1,Phase 3,58,12737,0.4554
CHANGE FROM BASELINE IN TROUGH FEV1,Phase 4,15,7428,0.2019
CHANGE IN 6-MINUTE WALK DISTANCE,Phase 1,12,5382,0.2230
CHANGE IN 6-MINUTE WALK DISTANCE,Phase 2,126,17715,0.7113
CHANGE IN 6-MINUTE WALK DISTANCE,Phase 3,97,12737,0.7616
CHANGE IN 6-MINUTE WALK DISTANCE,Phase 4,50,7428,0.6731
CHANGE IN ABSOLUTE NEUTROPHIL COUNT,Phase 1,16,5382,0.2973
CHANGE IN ABSOLUTE NEUTROPHIL COUNT,Phase 2,35,17715,0.1976
CHANGE IN ABSOLUTE NEUTROPHIL COUNT,Phase 3,28,12737,0.2198
CHANGE IN ABSOLUTE NEUTROPHIL COUNT,Phase 4,6,7428,0.0808
CHANGE IN ADAS-COG SCORE,Phase 1,4,5382,0.0743
CHANGE IN ADAS-COG SCORE,Phase 2,63,17715,0.3556
CHANGE IN ADAS-COG SCORE,Phase 3,39,12737,0.3062
CHANGE IN ADAS-COG SCORE,Phase 4,12,7428,0.1616
CHANGE IN ADHD-RS SCORE,Phase 2,8,17715,0.0452
CHANGE IN ADHD-RS SCORE,Phase 3,27,12737,0.2120
CHANGE IN ADHD-RS SCORE,Phase 4,24,7428,0.3231
CHANGE IN ALBUMIN,Phase 1,11,5382,0.2044
CHANGE IN ALBUMIN,Phase 2,54,17715,0.3048
CHANGE IN ALBUMIN,Phase 3,50,12737,0.3926
CHANGE IN ALBUMIN,Phase 4,10,7428,0.1346
CHANGE IN ALBUMIN AND TOTAL PROTEIN,Phase 1,6,5382,0.1115
CHANGE IN ALBUMIN AND TOTAL PROTEIN,Phase 2,27,17715,0.1524
CHANGE IN ALBUMIN AND TOTAL PROTEIN,Phase 3,14,12737,0.1099
CHANGE IN ALBUMIN AND TOTAL PROTEIN,Phase 4,3,7428,0.0404
CHANGE IN ALKALINE PHOSPHATASE,Phase 1,4,5382,0.0743
CHANGE IN ALKALINE PHOSPHATASE,Phase 2,16,17715,0.0903
CHANGE IN ALKALINE PHOSPHATASE,Phase 3,14,12737,0.1099
CHANGE IN ALKALINE PHOSPHATASE,Phase 4,7,7428,0.0942
CHANGE IN ALT,Phase 1,24,5382,0.4459
CHANGE IN ALT,Phase 2,127,17715,0.7169
CHANGE IN ALT,Phase 3,63,12737,0.4946
CHANGE IN ALT,Phase 4,35,7428,0.4712
CHANGE IN ANXIETY SCORE,Phase 2,4,17715,0.0226
CHANGE IN ANXIETY SCORE,Phase 3,5,12737,0.0393
CHANGE IN ANXIETY SCORE,Phase 4,4,7428,0.0539
CHANGE IN AST,Phase 1,17,5382,0.3159
CHANGE IN AST,Phase 2,86,17715,0.4855
CHANGE IN AST,Phase 3,39,12737,0.3062
CHANGE IN AST,Phase 4,19,7428,0.2558
CHANGE IN BASDAI SCORE,Phase 2,9,17715,0.0508
CHANGE IN BASDAI SCORE,Phase 3,29,12737,0.2277
CHANGE IN BASDAI SCORE,Phase 4,11,7428,0.1481
CHANGE IN BDI-II SCORE,Phase 1,2,5382,0.0372
CHANGE IN BDI-II SCORE,Phase 2,14,17715,0.0790
CHANGE IN BDI-II SCORE,Phase 3,13,12737,0.1021
CHANGE IN BDI-II SCORE,Phase 4,11,7428,0.1481
CHANGE IN BEST CORRECTED VISUAL ACUITY,Phase 1,4,5382,0.0743
CHANGE IN BEST CORRECTED VISUAL ACUITY,Phase 2,18,17715,0.1016
CHANGE IN BEST CORRECTED VISUAL ACUITY,Phase 3,7,12737,0.0550
CHANGE IN BEST CORRECTED VISUAL ACUITY,Phase 4,11,7428,0.1481
CHANGE IN BILIRUBIN,Phase 1,11,5382,0.2044
CHANGE IN BILIRUBIN,Phase 2,63,17715,0.3556
CHANGE IN BILIRUBIN,Phase 3,35,12737,0.2748
CHANGE IN BILIRUBIN,Phase 4,8,7428,0.1077
CHANGE IN BILIRUBIN AND CREATININE,Phase 1,17,5382,0.3159
CHANGE IN BILIRUBIN AND CREATININE,Phase 2,11,17715,0.0621
CHANGE IN BILIRUBIN AND CREATININE,Phase 3,19,12737,0.1492
CHANGE IN BLOOD PRESSURE,Phase 1,78,5382,1.4493
CHANGE IN BLOOD PRESSURE,Phase 2,204,17715,1.1516
CHANGE IN BLOOD PRESSURE,Phase 3,229,12737,1.7979
CHANGE IN BLOOD PRESSURE,Phase 4,104,7428,1.4001
CHANGE IN BNP,Phase 2,10,17715,0.0564
CHANGE IN BNP,Phase 3,11,12737,0.0864
CHANGE IN BNP,Phase 4,14,7428,0.1885
CHANGE IN BODY MASS INDEX,Phase 1,4,5382,0.0743
CHANGE IN BODY MASS INDEX,Phase 2,88,17715,0.4968
CHANGE IN BODY MASS INDEX,Phase 3,145,12737,1.1384
CHANGE IN BODY MASS INDEX,Phase 4,62,7428,0.8347
CHANGE IN BODY TEMPERATURE,Phase 1,10,5382,0.1858
CHANGE IN BODY TEMPERATURE,Phase 2,24,17715,0.1355
CHANGE IN BODY TEMPERATURE,Phase 3,9,12737,0.0707
CHANGE IN BODY TEMPERATURE,Phase 4,3,7428,0.0404
CHANGE IN BODY WEIGHT,Phase 1,28,5382,0.5203
CHANGE IN BODY WEIGHT,Phase 2,264,17715,1.4903
CHANGE IN BODY WEIGHT,Phase 3,494,12737,3.8785
CHANGE IN BODY WEIGHT,Phase 4,165,7428,2.2213
CHANGE IN BONE MINERAL DENSITY,Phase 1,8,5382,0.1486
CHANGE IN BONE MINERAL DENSITY,Phase 2,67,17715,0.3782
CHANGE IN BONE MINERAL DENSITY,Phase 3,78,12737,0.6124
CHANGE IN BONE MINERAL DENSITY,Phase 4,23,7428,0.3096
CHANGE IN BPI SCORE,Phase 1,1,5382,0.0186
CHANGE IN BPI SCORE,Phase 2,52,17715,0.2935
CHANGE IN BPI SCORE,Phase 3,70,12737,0.5496
CHANGE IN BPI SCORE,Phase 4,27,7428,0.3635
CHANGE IN C-REACTIVE PROTEIN,Phase 1,4,5382,0.0743
CHANGE IN C-REACTIVE PROTEIN,Phase 2,32,17715,0.1806
CHANGE IN C-REACTIVE PROTEIN,Phase 3,19,12737,0.1492
CHANGE IN C-REACTIVE PROTEIN,Phase 4,12,7428,0.1616
CHANGE IN CD4 COUNT,Phase 1,12,5382,0.2230
CHANGE IN CD4 COUNT,Phase 2,91,17715,0.5137
CHANGE IN CD4 COUNT,Phase 3,95,12737,0.7459
CHANGE IN CD4 COUNT,Phase 4,39,7428,0.5250
CHANGE IN CDAI SCORE,Phase 1,4,5382,0.0743
CHANGE IN CDAI SCORE,Phase 2,50,17715,0.2822
CHANGE IN CDAI SCORE,Phase 3,57,12737,0.4475
CHANGE IN CDAI SCORE,Phase 4,12,7428,0.1616
CHANGE IN CES-D SCORE,Phase 1,2,5382,0.0372
CHANGE IN CES-D SCORE,Phase 2,10,17715,0.0564
CHANGE IN CES-D SCORE,Phase 3,1,12737,0.0079
CHANGE IN CES-D SCORE,Phase 4,5,7428,0.0673
CHANGE IN CGI-S SCORE,Phase 1,2,5382,0.0372
CHANGE IN CGI-S SCORE,Phase 2,26,17715,0.1468
CHANGE IN CGI-S SCORE,Phase 3,44,12737,0.3455
CHANGE IN CGI-S SCORE,Phase 4,9,7428,0.1212
CHANGE IN CREATININE,Phase 1,19,5382,0.3530
CHANGE IN CREATININE,Phase 2,75,17715,0.4234
CHANGE IN CREATININE,Phase 3,62,12737,0.4868
CHANGE IN CREATININE,Phase 4,39,7428,0.5250
CHANGE IN CRP,Phase 1,18,5382,0.3344
CHANGE IN CRP,Phase 2,122,17715,0.6887
CHANGE IN CRP,Phase 3,108,12737,0.8479
CHANGE IN CRP,Phase 4,53,7428,0.7135
CHANGE IN DAS28 SCORE,Phase 1,3,5382,0.0557
CHANGE IN DAS28 SCORE,Phase 2,87,17715,0.4911
CHANGE IN DAS28 SCORE,Phase 3,162,12737,1.2719
CHANGE IN DAS28 SCORE,Phase 4,38,7428,0.5116
CHANGE IN DEPRESSION SCORE,Phase 1,1,5382,0.0186
CHANGE IN DEPRESSION SCORE,Phase 2,3,17715,0.0169
CHANGE IN DEPRESSION SCORE,Phase 3,3,12737,0.0236
CHANGE IN DEPRESSION SCORE,Phase 4,6,7428,0.0808
CHANGE IN DIASTOLIC BLOOD PRESSURE,Phase 1,14,5382,0.2601
CHANGE IN DIASTOLIC BLOOD PRESSURE,Phase 2,57,17715,0.3218
CHANGE IN DIASTOLIC BLOOD PRESSURE,Phase 3,87,12737,0.6830
CHANGE IN DIASTOLIC BLOOD PRESSURE,Phase 4,27,7428,0.3635
CHANGE IN DLQI SCORE,Phase 1,2,5382,0.0372
CHANGE IN DLQI SCORE,Phase 2,72,17715,0.4064
CHANGE IN DLQI SCORE,Phase 3,119,12737,0.9343
CHANGE IN DLQI SCORE,Phase 4,33,7428,0.4443
CHANGE IN DYSPNEA SCORE,Phase 2,22,17715,0.1242
CHANGE IN DYSPNEA SCORE,Phase 3,17,12737,0.1335
CHANGE IN DYSPNEA SCORE,Phase 4,11,7428,0.1481
CHANGE IN ECOG PERFORMANCE STATUS,Phase 1,15,5382,0.2787
CHANGE IN ECOG PERFORMANCE STATUS,Phase 2,23,17715,0.1298
CHANGE IN ECOG PERFORMANCE STATUS,Phase 3,15,12737,0.1178
CHANGE IN ECOG PERFORMANCE STATUS,Phase 4,2,7428,0.0269
CHANGE IN EDSS SCORE,Phase 1,1,5382,0.0186
CHANGE IN EDSS SCORE,Phase 2,24,17715,0.1355
CHANGE IN EDSS SCORE,Phase 3,31,12737,0.2434
CHANGE IN EDSS SCORE,Phase 4,16,7428,0.2154
CHANGE IN EGFR,Phase 1,5,5382,0.0929
CHANGE IN EGFR,Phase 2,95,17715,0.5363
CHANGE IN EGFR,Phase 3,102,12737,0.8008
CHANGE IN EGFR,Phase 4,45,7428,0.6058
CHANGE IN EJECTION FRACTION,Phase 1,13,5382,0.2415
CHANGE IN EJECTION FRACTION,Phase 2,53,17715,0.2992
CHANGE IN EJECTION FRACTION,Phase 3,27,12737,0.2120
CHANGE IN EJECTION FRACTION,Phase 4,18,7428,0.2423
CHANGE IN EORTC QLQ-C30 SCORE,Phase 1,2,5382,0.0372
CHANGE IN EORTC QLQ-C30 SCORE,Phase 2,82,17715,0.4629
CHANGE IN EORTC QLQ-C30 SCORE,Phase 3,106,12737,0.8322
CHANGE IN EORTC QLQ-C30 SCORE,Phase 4,7,7428,0.0942
CHANGE IN EQ-5D SCORE,Phase 2,69,17715,0.3895
CHANGE IN EQ-5D SCORE,Phase 3,219,12737,1.7194
CHANGE IN EQ-5D SCORE,Phase 4,51,7428,0.6866
CHANGE IN EQ-5D VAS SCORE,Phase 2,21,17715,0.1185
CHANGE IN EQ-5D VAS SCORE,Phase 3,45,12737,0.3533
CHANGE IN EQ-5D VAS SCORE,Phase 4,13,7428,0.1750
CHANGE IN EQ-5D-5L SCORE,Phase 2,14,17715,0.0790
CHANGE IN EQ-5D-5L SCORE,Phase 3,59,12737,0.4632
CHANGE IN EQ-5D-5L SCORE,Phase 4,9,7428,0.1212
CHANGE IN EQ-5D-5L VAS SCORE,Phase 2,9,17715,0.0508
CHANGE IN EQ-5D-5L VAS SCORE,Phase 3,40,12737,0.3140
CHANGE IN EQ-5D-5L VAS SCORE,Phase 4,5,7428,0.0673
CHANGE IN ESR,Phase 1,4,5382,0.0743
CHANGE IN ESR,Phase 2,22,17715,0.1242
CHANGE IN ESR,Phase 3,42,12737,0.3297
CHANGE IN ESR,Phase 4,17,7428,0.2289
CHANGE IN FACIT-FATIGUE SCORE,Phase 1,1,5382,0.0186
CHANGE IN FACIT-FATIGUE SCORE,Phase 2,24,17715,0.1355
CHANGE IN FACIT-FATIGUE SCORE,Phase 3,29,12737,0.2277
CHANGE IN FACIT-FATIGUE SCORE,Phase 4,2,7428,0.0269
CHANGE IN FASTING GLUCOSE,Phase 1,4,5382,0.0743
CHANGE IN FASTING GLUCOSE,Phase 2,22,17715,0.1242
CHANGE IN FASTING GLUCOSE,Phase 3,21,12737,0.1649
CHANGE IN FASTING GLUCOSE,Phase 4,12,7428,0.1616
CHANGE IN FASTING INSULIN,Phase 1,4,5382,0.0743
CHANGE IN FASTING INSULIN,Phase 2,20,17715,0.1129
CHANGE IN FASTING INSULIN,Phase 3,22,12737,0.1727
CHANGE IN FASTING INSULIN,Phase 4,14,7428,0.1885
CHANGE IN FASTING PLASMA GLUCOSE,Phase 1,19,5382,0.3530
CHANGE IN FASTING PLASMA GLUCOSE,Phase 2,137,17715,0.7734
CHANGE IN FASTING PLASMA GLUCOSE,Phase 3,378,12737,2.9677
CHANGE IN FASTING PLASMA GLUCOSE,Phase 4,110,7428,1.4809
CHANGE IN FASTING SERUM GLUCOSE,Phase 2,8,17715,0.0452
CHANGE IN FASTING SERUM GLUCOSE,Phase 3,28,12737,0.2198
CHANGE IN FASTING SERUM GLUCOSE,Phase 4,6,7428,0.0808
CHANGE IN FATIGUE SCORE,Phase 2,28,17715,0.1581
CHANGE IN FATIGUE SCORE,Phase 3,23,12737,0.1806
CHANGE IN FATIGUE SCORE,Phase 4,9,7428,0.1212
CHANGE IN FERRITIN,Phase 1,1,5382,0.0186
CHANGE IN FERRITIN,Phase 2,48,17715,0.2710
CHANGE IN FERRITIN,Phase 3,33,12737,0.2591
CHANGE IN FERRITIN,Phase 4,17,7428,0.2289
CHANGE IN FEV1,Phase 1,4,5382,0.0743
CHANGE IN FEV1,Phase 2,43,17715,0.2427
CHANGE IN FEV1,Phase 3,24,12737,0.1884
CHANGE IN FEV1,Phase 4,16,7428,0.2154
CHANGE IN FORCED VITAL CAPACITY,Phase 1,1,5382,0.0186
CHANGE IN FORCED VITAL CAPACITY,Phase 2,17,17715,0.0960
CHANGE IN FORCED VITAL CAPACITY,Phase 3,11,12737,0.0864
CHANGE IN FORCED VITAL CAPACITY,Phase 4,8,7428,0.1077
CHANGE IN GAD-7 SCORE,Phase 1,3,5382,0.0557
CHANGE IN GAD-7 SCORE,Phase 2,16,17715,0.0903
CHANGE IN GAD-7 SCORE,Phase 3,11,12737,0.0864
CHANGE IN GAD-7 SCORE,Phase 4,6,7428,0.0808
CHANGE IN HADS SCORE,Phase 1,1,5382,0.0186
CHANGE IN HADS SCORE,Phase 2,15,17715,0.0847
CHANGE IN HADS SCORE,Phase 3,24,12737,0.1884
CHANGE IN HADS SCORE,Phase 4,13,7428,0.1750
CHANGE IN HAM-A SCORE,Phase 1,1,5382,0.0186
CHANGE IN HAM-A SCORE,Phase 2,41,17715,0.2314
CHANGE IN HAM-A SCORE,Phase 3,57,12737,0.4475
CHANGE IN HAM-A SCORE,Phase 4,23,7428,0.3096
CHANGE IN HAM-D SCORE,Phase 1,2,5382,0.0372
CHANGE IN HAM-D SCORE,Phase 2,58,17715,0.3274
CHANGE IN HAM-D SCORE,Phase 3,55,12737,0.4318
CHANGE IN HAM-D SCORE,Phase 4,68,7428,0.9155
CHANGE IN HAQ-DI SCORE,Phase 1,3,5382,0.0557
CHANGE IN HAQ-DI SCORE,Phase 2,87,17715,0.4911
CHANGE IN HAQ-DI SCORE,Phase 3,173,12737,1.3582
CHANGE IN HAQ-DI SCORE,Phase 4,27,7428,0.3635
CHANGE IN HDL CHOLESTEROL,Phase 1,11,5382,0.2044
CHANGE IN HDL CHOLESTEROL,Phase 2,70,17715,0.3951
CHANGE IN HDL CHOLESTEROL,Phase 3,103,12737,0.8087
CHANGE IN HDL CHOLESTEROL,Phase 4,59,7428,0.7943
CHANGE IN HEALTH-RELATED QUALITY OF LIFE SCORE,Phase 2,11,17715,0.0621
CHANGE IN HEALTH-RELATED QUALITY OF LIFE SCORE,Phase 3,19,12737,0.1492
CHANGE IN HEALTH-RELATED QUALITY OF LIFE SCORE,Phase 4,8,7428,0.1077
CHANGE IN HEART RATE,Phase 1,109,5382,2.0253
CHANGE IN HEART RATE,Phase 2,180,17715,1.0161
CHANGE IN HEART RATE,Phase 3,137,12737,1.0756
CHANGE IN HEART RATE,Phase 4,78,7428,1.0501
CHANGE IN HEMATOCRIT,Phase 1,11,5382,0.2044
CHANGE IN HEMATOCRIT,Phase 2,30,17715,0.1693
CHANGE IN HEMATOCRIT,Phase 3,25,12737,0.1963
CHANGE IN HEMATOCRIT,Phase 4,11,7428,0.1481
CHANGE IN HEMOGLOBIN,Phase 1,63,5382,1.1706
CHANGE IN HEMOGLOBIN,Phase 2,182,17715,1.0274
CHANGE IN HEMOGLOBIN,Phase 3,239,12737,1.8764
CHANGE IN HEMOGLOBIN,Phase 4,70,7428,0.9424
CHANGE IN HEMOGLOBIN A1C,Phase 1,15,5382,0.2787
CHANGE IN HEMOGLOBIN A1C,Phase 2,245,17715,1.3830
CHANGE IN HEMOGLOBIN A1C,Phase 3,577,12737,4.5301
CHANGE IN HEMOGLOBIN A1C,Phase 4,187,7428,2.5175
CHANGE IN HOMA-IR,Phase 1,1,5382,0.0186
CHANGE IN HOMA-IR,Phase 2,33,17715,0.1863
CHANGE IN HOMA-IR,Phase 3,10,12737,0.0785
CHANGE IN HOMA-IR,Phase 4,15,7428,0.2019
CHANGE IN HSCRP,Phase 1,2,5382,0.0372
CHANGE IN HSCRP,Phase 2,27,17715,0.1524
CHANGE IN HSCRP,Phase 3,31,12737,0.2434
CHANGE IN HSCRP,Phase 4,14,7428,0.1885
CHANGE IN INR,Phase 1,8,5382,0.1486
CHANGE IN INR,Phase 2,33,17715,0.1863
CHANGE IN INR,Phase 3,18,12737,0.1413
CHANGE IN INR,Phase 4,7,7428,0.0942
CHANGE IN INSOMNIA SEVERITY INDEX SCORE,Phase 2,8,17715,0.0452
CHANGE IN INSOMNIA SEVERITY INDEX SCORE,Phase 3,7,12737,0.0550
CHANGE IN INSOMNIA SEVERITY INDEX SCORE,Phase 4,7,7428,0.0942
CHANGE IN INSULIN SENSITIVITY,Phase 1,4,5382,0.0743
CHANGE IN INSULIN SENSITIVITY,Phase 2,9,17715,0.0508
CHANGE IN INSULIN SENSITIVITY,Phase 3,5,12737,0.0393
CHANGE IN INSULIN SENSITIVITY,Phase 4,8,7428,0.1077
CHANGE IN INTRAOCULAR PRESSURE,Phase 1,3,5382,0.0557
CHANGE IN INTRAOCULAR PRESSURE,Phase 2,9,17715,0.0508
CHANGE IN INTRAOCULAR PRESSURE,Phase 3,9,12737,0.0707
CHANGE IN INTRAOCULAR PRESSURE,Phase 4,10,7428,0.1346
CHANGE IN KCCQ SCORE,Phase 2,12,17715,0.0677
CHANGE IN KCCQ SCORE,Phase 3,19,12737,0.1492
CHANGE IN KCCQ SCORE,Phase 4,16,7428,0.2154
CHANGE IN LDL CHOLESTEROL,Phase 1,12,5382,0.2230
CHANGE IN LDL CHOLESTEROL,Phase 2,101,17715,0.5701
CHANGE IN LDL CHOLESTEROL,Phase 3,143,12737,1.1227
CHANGE IN LDL CHOLESTEROL,Phase 4,64,7428,0.8616
CHANGE IN LEFT VENTRICULAR EJECTION FRACTION,Phase 1,1,5382,0.0186
CHANGE IN LEFT VENTRICULAR EJECTION FRACTION,Phase 2,13,17715,0.0734
CHANGE IN LEFT VENTRICULAR EJECTION FRACTION,Phase 3,5,12737,0.0393
CHANGE IN LEFT VENTRICULAR EJECTION FRACTION,Phase 4,5,7428,0.0673
CHANGE IN MADRS SCORE,Phase 1,3,5382,0.0557
CHANGE IN MADRS SCORE,Phase 2,127,17715,0.7169
CHANGE IN MADRS SCORE,Phase 3,156,12737,1.2248
CHANGE IN MADRS SCORE,Phase 4,72,7428,0.9693
CHANGE IN MMSE SCORE,Phase 1,7,5382,0.1301
CHANGE IN MMSE SCORE,Phase 2,63,17715,0.3556
CHANGE IN MMSE SCORE,Phase 3,48,12737,0.3769
CHANGE IN MMSE SCORE,Phase 4,31,7428,0.4173
CHANGE IN MOCA SCORE,Phase 1,1,5382,0.0186
CHANGE IN MOCA SCORE,Phase 2,35,17715,0.1976
CHANGE IN MOCA SCORE,Phase 3,13,12737,0.1021
CHANGE IN MOCA SCORE,Phase 4,13,7428,0.1750
CHANGE IN NRS PAIN SCORE,Phase 1,7,5382,0.1301
CHANGE IN NRS PAIN SCORE,Phase 2,137,17715,0.7734
CHANGE IN NRS PAIN SCORE,Phase 3,132,12737,1.0364
CHANGE IN NRS PAIN SCORE,Phase 4,88,7428,1.1847
CHANGE IN NT-PROBNP,Phase 1,3,5382,0.0557
CHANGE IN NT-PROBNP,Phase 2,33,17715,0.1863
CHANGE IN NT-PROBNP,Phase 3,25,12737,0.1963
CHANGE IN NT-PROBNP,Phase 4,27,7428,0.3635
CHANGE IN PAIN SCORE,Phase 1,13,5382,0.2415
CHANGE IN PAIN SCORE,Phase 2,181,17715,1.0217
CHANGE IN PAIN SCORE,Phase 3,194,12737,1.5231
CHANGE IN PAIN SCORE,Phase 4,156,7428,2.1002
CHANGE IN PANSS SCORE,Phase 1,5,5382,0.0929
CHANGE IN PANSS SCORE,Phase 2,59,17715,0.3331
CHANGE IN PANSS SCORE,Phase 3,76,12737,0.5967
CHANGE IN PANSS SCORE,Phase 4,41,7428,0.5520
CHANGE IN PERCEIVED STRESS SCORE,Phase 1,1,5382,0.0186
CHANGE IN PERCEIVED STRESS SCORE,Phase 2,5,17715,0.0282
CHANGE IN PERCEIVED STRESS SCORE,Phase 3,1,12737,0.0079
CHANGE IN PERCEIVED STRESS SCORE,Phase 4,2,7428,0.0269
CHANGE IN PHQ-8 SCORE,Phase 1,2,5382,0.0372
CHANGE IN PHQ-8 SCORE,Phase 2,2,17715,0.0113
CHANGE IN PHQ-8 SCORE,Phase 3,1,12737,0.0079
CHANGE IN PHQ-8 SCORE,Phase 4,1,7428,0.0135
CHANGE IN PHQ-9 SCORE,Phase 1,5,5382,0.0929
CHANGE IN PHQ-9 SCORE,Phase 2,33,17715,0.1863
CHANGE IN PHQ-9 SCORE,Phase 3,28,12737,0.2198
CHANGE IN PHQ-9 SCORE,Phase 4,17,7428,0.2289
CHANGE IN PHYSICAL ACTIVITY,Phase 3,1,12737,0.0079
CHANGE IN PHYSICAL ACTIVITY,Phase 4,2,7428,0.0269
CHANGE IN PITTSBURGH SLEEP QUALITY INDEX SCORE,Phase 1,1,5382,0.0186
CHANGE IN PITTSBURGH SLEEP QUALITY INDEX SCORE,Phase 2,7,17715,0.0395
CHANGE IN PITTSBURGH SLEEP QUALITY INDEX SCORE,Phase 3,3,12737,0.0236
CHANGE IN PITTSBURGH SLEEP QUALITY INDEX SCORE,Phase 4,6,7428,0.0808
CHANGE IN PLATELET COUNT,Phase 1,16,5382,0.2973
CHANGE IN PLATELET COUNT,Phase 2,75,17715,0.4234
CHANGE IN PLATELET COUNT,Phase 3,65,12737,0.5103
CHANGE IN PLATELET COUNT,Phase 4,17,7428,0.2289
CHANGE IN PRURITUS SCORE,Phase 2,66,17715,0.3726
CHANGE IN PRURITUS SCORE,Phase 3,38,12737,0.2983
CHANGE IN PRURITUS SCORE,Phase 4,4,7428,0.0539
CHANGE IN PSA,Phase 1,1,5382,0.0186
CHANGE IN PSA,Phase 2,40,17715,0.2258
CHANGE IN PSA,Phase 3,13,12737,0.1021
CHANGE IN PSA,Phase 4,5,7428,0.0673
CHANGE IN PULSE RATE,Phase 1,22,5382,0.4088
CHANGE IN PULSE RATE,Phase 2,27,17715,0.1524
CHANGE IN PULSE RATE,Phase 3,49,12737,0.3847
CHANGE IN PULSE RATE,Phase 4,6,7428,0.0808
CHANGE IN QUALITY OF LIFE SCORE,Phase 1,3,5382,0.0557
CHANGE IN QUALITY OF LIFE SCORE,Phase 2,210,17715,1.1854
CHANGE IN QUALITY OF LIFE SCORE,Phase 3,208,12737,1.6330
CHANGE IN QUALITY OF LIFE SCORE,Phase 4,94,7428,1.2655
CHANGE IN RESPIRATORY RATE,Phase 1,8,5382,0.1486
CHANGE IN RESPIRATORY RATE,Phase 2,13,17715,0.0734
CHANGE IN RESPIRATORY RATE,Phase 3,9,12737,0.0707
CHANGE IN RESPIRATORY RATE,Phase 4,2,7428,0.0269
CHANGE IN SDAI SCORE,Phase 1,1,5382,0.0186
CHANGE IN SDAI SCORE,Phase 2,29,17715,0.1637
CHANGE IN SDAI SCORE,Phase 3,36,12737,0.2826
CHANGE IN SDAI SCORE,Phase 4,6,7428,0.0808
CHANGE IN SELF-EFFICACY SCORE,Phase 2,1,17715,0.0056
CHANGE IN SELF-EFFICACY SCORE,Phase 4,1,7428,0.0135
CHANGE IN SERUM CREATININE,Phase 1,1,5382,0.0186
CHANGE IN SERUM CREATININE,Phase 2,22,17715,0.1242
CHANGE IN SERUM CREATININE,Phase 3,23,12737,0.1806
CHANGE IN SERUM CREATININE,Phase 4,7,7428,0.0942
CHANGE IN SF-12 SCORE,Phase 2,5,17715,0.0282
CHANGE IN SF-12 SCORE,Phase 3,9,12737,0.0707
CHANGE IN SF-12 SCORE,Phase 4,7,7428,0.0942
CHANGE IN SF-36 SCORE,Phase 1,3,5382,0.0557
CHANGE IN SF-36 SCORE,Phase 2,157,17715,0.8863
CHANGE IN SF-36 SCORE,Phase 3,271,12737,2.1277
CHANGE IN SF-36 SCORE,Phase 4,66,7428,0.8885
CHANGE IN SGRQ SCORE,Phase 1,1,5382,0.0186
CHANGE IN SGRQ SCORE,Phase 2,37,17715,0.2089
CHANGE IN SGRQ SCORE,Phase 3,67,12737,0.5260
CHANGE IN SGRQ SCORE,Phase 4,13,7428,0.1750
CHANGE IN SLEEP QUALITY SCORE,Phase 1,2,5382,0.0372
CHANGE IN SLEEP QUALITY SCORE,Phase 2,11,17715,0.0621
CHANGE IN SLEEP QUALITY SCORE,Phase 3,17,12737,0.1335
CHANGE IN SLEEP QUALITY SCORE,Phase 4,4,7428,0.0539
CHANGE IN SWOLLEN JOINT COUNT,Phase 1,2,5382,0.0372
CHANGE IN SWOLLEN JOINT COUNT,Phase 2,13,17715,0.0734
CHANGE IN SWOLLEN JOINT COUNT,Phase 3,17,12737,0.1335
CHANGE IN SWOLLEN JOINT COUNT,Phase 4,7,7428,0.0942
CHANGE IN SYSTOLIC BLOOD PRESSURE,Phase 1,16,5382,0.2973
CHANGE IN SYSTOLIC BLOOD PRESSURE,Phase 2,55,17715,0.3105
CHANGE IN SYSTOLIC BLOOD PRESSURE,Phase 3,102,12737,0.8008
CHANGE IN SYSTOLIC BLOOD PRESSURE,Phase 4,36,7428,0.4847
CHANGE IN TEMPERATURE,Phase 1,34,5382,0.6317
CHANGE IN TEMPERATURE,Phase 2,41,17715,0.2314
CHANGE IN TEMPERATURE,Phase 3,28,12737,0.2198
CHANGE IN TEMPERATURE,Phase 4,9,7428,0.1212
CHANGE IN TENDER JOINT COUNT,Phase 2,10,17715,0.0564
CHANGE IN TENDER JOINT COUNT,Phase 3,21,12737,0.1649
CHANGE IN TENDER JOINT COUNT,Phase 4,3,7428,0.0404
CHANGE IN TOTAL BILIRUBIN,Phase 1,6,5382,0.1115
CHANGE IN TOTAL BILIRUBIN,Phase 2,22,17715,0.1242
CHANGE IN TOTAL BILIRUBIN,Phase 3,22,12737,0.1727
CHANGE IN TOTAL BILIRUBIN,Phase 4,7,7428,0.0942
CHANGE IN TOTAL CHOLESTEROL,Phase 1,13,5382,0.2415
CHANGE IN TOTAL CHOLESTEROL,Phase 2,73,17715,0.4121
CHANGE IN TOTAL CHOLESTEROL,Phase 3,112,12737,0.8793
CHANGE IN TOTAL CHOLESTEROL,Phase 4,68,7428,0.9155
CHANGE IN TREATMENT SATISFACTION SCORE,Phase 2,2,17715,0.0113
CHANGE IN TREATMENT SATISFACTION SCORE,Phase 3,31,12737,0.2434
CHANGE IN TREATMENT SATISFACTION SCORE,Phase 4,15,7428,0.2019
CHANGE IN TRIGLYCERIDES,Phase 1,9,5382,0.1672
CHANGE IN TRIGLYCERIDES,Phase 2,76,17715,0.4290
CHANGE IN TRIGLYCERIDES,Phase 3,101,12737,0.7930
CHANGE IN TRIGLYCERIDES,Phase 4,68,7428,0.9155
CHANGE IN TUMOR SIZE,Phase 1,8,5382,0.1486
CHANGE IN TUMOR SIZE,Phase 2,48,17715,0.2710
CHANGE IN TUMOR SIZE,Phase 3,6,12737,0.0471
CHANGE IN TUMOR SIZE,Phase 4,4,7428,0.0539
CHANGE IN UPDRS SCORE,Phase 2,20,17715,0.1129
CHANGE IN UPDRS SCORE,Phase 3,37,12737,0.2905
CHANGE IN UPDRS SCORE,Phase 4,22,7428,0.2962
CHANGE IN VAS PAIN SCORE,Phase 1,16,5382,0.2973
CHANGE IN VAS PAIN SCORE,Phase 2,166,17715,0.9371
CHANGE IN VAS PAIN SCORE,Phase 3,208,12737,1.6330
CHANGE IN VAS PAIN SCORE,Phase 4,177,7428,2.3829
CHANGE IN VIRAL LOAD,Phase 1,26,5382,0.4831
CHANGE IN VIRAL LOAD,Phase 2,133,17715,0.7508
CHANGE IN VIRAL LOAD,Phase 3,76,12737,0.5967
CHANGE IN VIRAL LOAD,Phase 4,27,7428,0.3635
CHANGE IN VISUAL ACUITY,Phase 1,3,5382,0.0557
CHANGE IN VISUAL ACUITY,Phase 2,13,17715,0.0734
CHANGE IN VISUAL ACUITY,Phase 3,20,12737,0.1570
CHANGE IN VISUAL ACUITY,Phase 4,6,7428,0.0808
CHANGE IN WAIST CIRCUMFERENCE,Phase 1,2,5382,0.0372
CHANGE IN WAIST CIRCUMFERENCE,Phase 2,66,17715,0.3726
CHANGE IN WAIST CIRCUMFERENCE,Phase 3,99,12737,0.7773
CHANGE IN WAIST CIRCUMFERENCE,Phase 4,30,7428,0.4039
CHANGE IN WHITE BLOOD CELL COUNT,Phase 1,20,5382,0.3716
CHANGE IN WHITE BLOOD CELL COUNT,Phase 2,50,17715,0.2822
CHANGE IN WHITE BLOOD CELL COUNT,Phase 3,39,12737,0.3062
CHANGE IN WHITE BLOOD CELL COUNT,Phase 4,10,7428,0.1346
CHANGE IN WHO FUNCTIONAL CLASS,Phase 2,11,17715,0.0621
CHANGE IN WHO FUNCTIONAL CLASS,Phase 3,16,12737,0.1256
CHANGE IN WHO FUNCTIONAL CLASS,Phase 4,12,7428,0.1616
CHANGE IN WOMAC PAIN SCORE,Phase 1,1,5382,0.0186
CHANGE IN WOMAC PAIN SCORE,Phase 2,44,17715,0.2484
CHANGE IN WOMAC PAIN SCORE,Phase 3,49,12737,0.3847
CHANGE IN WOMAC PAIN SCORE,Phase 4,7,7428,0.0942
CHANGE IN WOMAC PHYSICAL FUNCTION SCORE,Phase 2,13,17715,0.0734
CHANGE IN WOMAC PHYSICAL FUNCTION SCORE,Phase 3,19,12737,0.1492
CHANGE IN WOMAC SCORE,Phase 1,1,5382,0.0186
CHANGE IN WOMAC SCORE,Phase 2,8,17715,0.0452
CHANGE IN WOMAC SCORE,Phase 3,4,12737,0.0314
CHANGE IN WOMAC SCORE,Phase 4,2,7428,0.0269
CHANGE IN WOMAC STIFFNESS SCORE,Phase 2,17,17715,0.0960
CHANGE IN WOMAC STIFFNESS SCORE,Phase 3,22,12737,0.1727
CHANGE IN WOMAC STIFFNESS SCORE,Phase 4,2,7428,0.0269
CHANGE IN YMRS SCORE,Phase 1,2,5382,0.0372
CHANGE IN YMRS SCORE,Phase 2,15,17715,0.0847
CHANGE IN YMRS SCORE,Phase 3,61,12737,0.4789
CHANGE IN YMRS SCORE,Phase 4,36,7428,0.4847
CHANGES IN FORCED VITAL CAPACITY,Phase 1,1,5382,0.0186
CHANGES IN FORCED VITAL CAPACITY,Phase 2,36,17715,0.2032
CHANGES IN FORCED VITAL CAPACITY,Phase 3,9,12737,0.0707
CHANGES IN FORCED VITAL CAPACITY,Phase 4,7,7428,0.0942
CLEARANCE,Phase 1,174,5382,3.2330
CLEARANCE,Phase 2,75,17715,0.4234
CLEARANCE,Phase 3,38,12737,0.2983
CLEARANCE,Phase 4,11,7428,0.1481
CLIENT SATISFACTION,Phase 1,3,5382,0.0557
CLIENT SATISFACTION,Phase 2,2,17715,0.0113
CLINICAL BENEFIT RATE,Phase 1,44,5382,0.8175
CLINICAL BENEFIT RATE,Phase 2,341,17715,1.9249
CLINICAL BENEFIT RATE,Phase 3,74,12737,0.5810
CLINICAL BENEFIT RATE,Phase 4,3,7428,0.0404
CLINICAL CURE,Phase 1,1,5382,0.0186
CLINICAL CURE,Phase 2,11,17715,0.0621
CLINICAL CURE,Phase 3,22,12737,0.1727
CLINICAL CURE,Phase 4,7,7428,0.0942
CLINICAL CURE RATE,Phase 2,15,17715,0.0847
CLINICAL CURE RATE,Phase 3,40,12737,0.3140
CLINICAL CURE RATE,Phase 4,5,7428,0.0673
CLINICAL GLOBAL IMPRESSION - IMPROVEMENT,Phase 2,20,17715,0.1129
CLINICAL GLOBAL IMPRESSION - IMPROVEMENT,Phase 3,23,12737,0.1806
CLINICAL GLOBAL IMPRESSION - IMPROVEMENT,Phase 4,6,7428,0.0808
CLINICAL GLOBAL IMPRESSION OF CHANGE,Phase 1,1,5382,0.0186
CLINICAL GLOBAL IMPRESSION OF CHANGE,Phase 2,9,17715,0.0508
CLINICAL GLOBAL IMPRESSION OF CHANGE,Phase 3,18,12737,0.1413
CLINICAL GLOBAL IMPRESSION OF CHANGE,Phase 4,12,7428,0.1616
CLINICAL REMISSION,Phase 1,3,5382,0.0557
CLINICAL REMISSION,Phase 2,61,17715,0.3443
CLINICAL REMISSION,Phase 3,89,12737,0.6988
CLINICAL REMISSION,Phase 4,13,7428,0.1750
CLINICAL RESPONSE,Phase 1,5,5382,0.0929
CLINICAL RESPONSE,Phase 2,40,17715,0.2258
CLINICAL RESPONSE,Phase 3,31,12737,0.2434
CLINICAL RESPONSE,Phase 4,8,7428,0.1077
CLINICAL RESPONSE RATE,Phase 1,2,5382,0.0372
CLINICAL RESPONSE RATE,Phase 2,65,17715,0.3669
CLINICAL RESPONSE RATE,Phase 3,19,12737,0.1492
CLINICAL RESPONSE RATE,Phase 4,6,7428,0.0808
CLINICAL SUCCESS,Phase 1,1,5382,0.0186
CLINICAL SUCCESS,Phase 2,5,17715,0.0282
CLINICAL SUCCESS,Phase 3,28,12737,0.2198
CLINICAL SUCCESS,Phase 4,6,7428,0.0808
CLINICIAN GLOBAL IMPRESSION,Phase 1,1,5382,0.0186
CLINICIAN GLOBAL IMPRESSION,Phase 2,16,17715,0.0903
CLINICIAN GLOBAL IMPRESSION,Phase 3,12,12737,0.0942
CLINICIAN GLOBAL IMPRESSION,Phase 4,17,7428,0.2289
CLINICIAN GLOBAL IMPRESSION OF CHANGE,Phase 2,14,17715,0.0790
CLINICIAN GLOBAL IMPRESSION OF CHANGE,Phase 3,26,12737,0.2041
CLINICIAN GLOBAL IMPRESSION OF CHANGE,Phase 4,9,7428,0.1212
COMPLETE REMISSION,Phase 1,15,5382,0.2787
COMPLETE REMISSION,Phase 2,108,17715,0.6097
COMPLETE REMISSION,Phase 3,44,12737,0.3455
COMPLETE REMISSION,Phase 4,9,7428,0.1212
COMPLETE REMISSION RATE,Phase 1,5,5382,0.0929
COMPLETE REMISSION RATE,Phase 2,40,17715,0.2258
COMPLETE REMISSION RATE,Phase 3,11,12737,0.0864
COMPLETE RESPONSE,Phase 1,13,5382,0.2415
COMPLETE RESPONSE,Phase 2,96,17715,0.5419
COMPLETE RESPONSE,Phase 3,41,12737,0.3219
COMPLETE RESPONSE,Phase 4,4,7428,0.0539
COMPLETE RESPONSE RATE,Phase 1,37,5382,0.6875
COMPLETE RESPONSE RATE,Phase 2,372,17715,2.0999
COMPLETE RESPONSE RATE,Phase 3,128,12737,1.0049
COMPLETE RESPONSE RATE,Phase 4,11,7428,0.1481
COMPLIANCE RATE,Phase 1,3,5382,0.0557
COMPLIANCE RATE,Phase 2,37,17715,0.2089
COMPLIANCE RATE,Phase 3,21,12737,0.1649
COMPLIANCE RATE,Phase 4,25,7428,0.3366
CONFIRMED OBJECTIVE RESPONSE RATE,Phase 1,2,5382,0.0372
CONFIRMED OBJECTIVE RESPONSE RATE,Phase 2,31,17715,0.1750
CONFIRMED OBJECTIVE RESPONSE RATE,Phase 3,5,12737,0.0393
CONFIRMED OBJECTIVE RESPONSE RATE,Phase 4,2,7428,0.0269
CONFIRMED RESPONSE RATE,Phase 1,1,5382,0.0186
CONFIRMED RESPONSE RATE,Phase 2,42,17715,0.2371
CONFIRMED RESPONSE RATE,Phase 3,1,12737,0.0079
CURE RATE,Phase 2,19,17715,0.1073
CURE RATE,Phase 3,32,12737,0.2512
CURE RATE,Phase 4,5,7428,0.0673
DEPRESSION REMISSION RATE,Phase 2,13,17715,0.0734
DEPRESSION REMISSION RATE,Phase 3,27,12737,0.2120
DEPRESSION REMISSION RATE,Phase 4,19,7428,0.2558
DEPRESSION RESPONSE RATE,Phase 1,1,5382,0.0186
DEPRESSION RESPONSE RATE,Phase 2,28,17715,0.1581
DEPRESSION RESPONSE RATE,Phase 3,30,12737,0.2355
DEPRESSION RESPONSE RATE,Phase 4,23,7428,0.3096
DEPRESSION SCORE,Phase 2,1,17715,0.0056
DEPRESSION SCORE,Phase 3,4,12737,0.0314
DEPRESSION SCORE,Phase 4,4,7428,0.0539
DEPRESSIVE SYMPTOMS,Phase 1,1,5382,0.0186
DEPRESSIVE SYMPTOMS,Phase 2,6,17715,0.0339
DEPRESSIVE SYMPTOMS,Phase 3,2,12737,0.0157
DEPRESSIVE SYMPTOMS,Phase 4,1,7428,0.0135
DEVICE SUCCESS,Phase 2,2,17715,0.0113
DEVICE SUCCESS,Phase 3,4,12737,0.0314
DEVICE SUCCESS,Phase 4,2,7428,0.0269
DIASTOLIC BLOOD PRESSURE,Phase 1,9,5382,0.1672
DIASTOLIC BLOOD PRESSURE,Phase 2,41,17715,0.2314
DIASTOLIC BLOOD PRESSURE,Phase 3,19,12737,0.1492
DIASTOLIC BLOOD PRESSURE,Phase 4,17,7428,0.2289
DISEASE CONTROL RATE,Phase 1,124,5382,2.3040
DISEASE CONTROL RATE,Phase 2,558,17715,3.1499
DISEASE CONTROL RATE,Phase 3,164,12737,1.2876
DISEASE CONTROL RATE,Phase 4,9,7428,0.1212
DISEASE-FREE SURVIVAL,Phase 1,8,5382,0.1486
DISEASE-FREE SURVIVAL,Phase 2,219,17715,1.2362
DISEASE-FREE SURVIVAL,Phase 3,162,12737,1.2719
DISEASE-FREE SURVIVAL,Phase 4,4,7428,0.0539
DOSE-LIMITING TOXICITIES,Phase 1,167,5382,3.1029
DOSE-LIMITING TOXICITIES,Phase 2,55,17715,0.3105
DOSE-LIMITING TOXICITIES,Phase 3,9,12737,0.0707
DOSE-LIMITING TOXICITY,Phase 1,31,5382,0.5760
DOSE-LIMITING TOXICITY,Phase 2,20,17715,0.1129
DRUG-RELATED ADVERSE EVENTS,Phase 1,7,5382,0.1301
DRUG-RELATED ADVERSE EVENTS,Phase 2,17,17715,0.0960
DRUG-RELATED ADVERSE EVENTS,Phase 3,8,12737,0.0628
DRUG-RELATED ADVERSE EVENTS,Phase 4,5,7428,0.0673
DURATION OF COMPLETE RESPONSE,Phase 1,3,5382,0.0557
DURATION OF COMPLETE RESPONSE,Phase 2,18,17715,0.1016
DURATION OF COMPLETE RESPONSE,Phase 3,13,12737,0.1021
DURATION OF DISEASE CONTROL,Phase 1,8,5382,0.1486
DURATION OF DISEASE CONTROL,Phase 2,14,17715,0.0790
DURATION OF DISEASE CONTROL,Phase 3,8,12737,0.0628
DURATION OF DISEASE CONTROL,Phase 4,1,7428,0.0135
DURATION OF HOSPITAL STAY,Phase 1,1,5382,0.0186
DURATION OF HOSPITAL STAY,Phase 2,8,17715,0.0452
DURATION OF HOSPITAL STAY,Phase 3,7,12737,0.0550
DURATION OF HOSPITAL STAY,Phase 4,11,7428,0.1481
DURATION OF HOSPITALIZATION,Phase 1,2,5382,0.0372
DURATION OF HOSPITALIZATION,Phase 2,29,17715,0.1637
DURATION OF HOSPITALIZATION,Phase 3,18,12737,0.1413
DURATION OF HOSPITALIZATION,Phase 4,5,7428,0.0673
DURATION OF MECHANICAL VENTILATION,Phase 2,13,17715,0.0734
DURATION OF MECHANICAL VENTILATION,Phase 3,12,12737,0.0942
DURATION OF MECHANICAL VENTILATION,Phase 4,4,7428,0.0539
DURATION OF OBJECTIVE RESPONSE,Phase 1,13,5382,0.2415
DURATION OF OBJECTIVE RESPONSE,Phase 2,34,17715,0.1919
DURATION OF OBJECTIVE RESPONSE,Phase 3,18,12737,0.1413
DURATION OF OBJECTIVE RESPONSE,Phase 4,1,7428,0.0135
DURATION OF RESPONSE,Phase 1,223,5382,4.1434
DURATION OF RESPONSE,Phase 2,1169,17715,6.5989
DURATION OF RESPONSE,Phase 3,510,12737,4.0041
DURATION OF RESPONSE,Phase 4,38,7428,0.5116
DURATION OF STABLE DISEASE,Phase 1,11,5382,0.2044
DURATION OF STABLE DISEASE,Phase 2,42,17715,0.2371
DURATION OF STABLE DISEASE,Phase 3,6,12737,0.0471
DURATION OF TREATMENT,Phase 1,2,5382,0.0372
DURATION OF TREATMENT,Phase 2,3,17715,0.0169
DURATION OF TREATMENT,Phase 3,7,12737,0.0550
DURATION OF TREATMENT,Phase 4,2,7428,0.0269
DYSPNEA SCORE,Phase 2,20,17715,0.1129
DYSPNEA SCORE,Phase 3,17,12737,0.1335
DYSPNEA SCORE,Phase 4,8,7428,0.1077
EASI 75 RESPONSE,Phase 1,2,5382,0.0372
EASI 75 RESPONSE,Phase 2,49,17715,0.2766
EASI 75 RESPONSE,Phase 3,62,12737,0.4868
EASI 75 RESPONSE,Phase 4,2,7428,0.0269
ELIMINATION HALF-LIFE,Phase 1,49,5382,0.9104
ELIMINATION HALF-LIFE,Phase 2,32,17715,0.1806
ELIMINATION HALF-LIFE,Phase 3,14,12737,0.1099
ELIMINATION HALF-LIFE,Phase 4,6,7428,0.0808
ELIMINATION RATE CONSTANT,Phase 1,64,5382,1.1891
ELIMINATION RATE CONSTANT,Phase 2,10,17715,0.0564
ELIMINATION RATE CONSTANT,Phase 3,8,12737,0.0628
ELIMINATION RATE CONSTANT,Phase 4,4,7428,0.0539
EMERGENCY ROOM VISITS,Phase 2,3,17715,0.0169
EMERGENCY ROOM VISITS,Phase 3,15,12737,0.1178
EMERGENCY ROOM VISITS,Phase 4,6,7428,0.0808
ENDOSCOPIC REMISSION,Phase 2,26,17715,0.1468
ENDOSCOPIC REMISSION,Phase 3,37,12737,0.2905
ENDOSCOPIC REMISSION,Phase 4,3,7428,0.0404
ESTIMATED BLOOD LOSS,Phase 1,1,5382,0.0186
ESTIMATED BLOOD LOSS,Phase 2,5,17715,0.0282
ESTIMATED BLOOD LOSS,Phase 3,7,12737,0.0550
ESTIMATED BLOOD LOSS,Phase 4,16,7428,0.2154
EULAR RESPONSE RATE,Phase 2,8,17715,0.0452
EULAR RESPONSE RATE,Phase 3,23,12737,0.1806
EULAR RESPONSE RATE,Phase 4,4,7428,0.0539
EVENT-FREE SURVIVAL,Phase 1,16,5382,0.2973
EVENT-FREE SURVIVAL,Phase 2,217,17715,1.2250
EVENT-FREE SURVIVAL,Phase 3,161,12737,1.2640
EVENT-FREE SURVIVAL,Phase 4,8,7428,0.1077
FATIGUE,Phase 1,4,5382,0.0743
FATIGUE,Phase 2,30,17715,0.1693
FATIGUE,Phase 3,15,12737,0.1178
FATIGUE,Phase 4,18,7428,0.2423
FORCED EXPIRATORY VOLUME IN 1 SECOND (FEV1),Phase 1,1,5382,0.0186
FORCED EXPIRATORY VOLUME IN 1 SECOND (FEV1),Phase 2,25,17715,0.1411
FORCED EXPIRATORY VOLUME IN 1 SECOND (FEV1),Phase 3,22,12737,0.1727
FORCED EXPIRATORY VOLUME IN 1 SECOND (FEV1),Phase 4,13,7428,0.1750
FORCED VITAL CAPACITY,Phase 1,1,5382,0.0186
FORCED VITAL CAPACITY,Phase 2,27,17715,0.1524
FORCED VITAL CAPACITY,Phase 3,17,12737,0.1335
FORCED VITAL CAPACITY,Phase 4,7,7428,0.0942
FREQUENCY OF ADVERSE EVENTS,Phase 1,8,5382,0.1486
FREQUENCY OF ADVERSE EVENTS,Phase 2,27,17715,0.1524
FREQUENCY OF ADVERSE EVENTS,Phase 3,28,12737,0.2198
FREQUENCY OF ADVERSE EVENTS,Phase 4,3,7428,0.0404
GEOMETRIC MEAN TITER,Phase 1,8,5382,0.1486
GEOMETRIC MEAN TITER,Phase 2,38,17715,0.2145
GEOMETRIC MEAN TITER,Phase 3,58,12737,0.4554
GEOMETRIC MEAN TITER,Phase 4,11,7428,0.1481
GEOMETRIC MEAN TITER OF ANTIBODIES,Phase 1,1,5382,0.0186
GEOMETRIC MEAN TITER OF ANTIBODIES,Phase 2,20,17715,0.1129
GEOMETRIC MEAN TITER OF ANTIBODIES,Phase 3,23,12737,0.1806
GEOMETRIC MEAN TITER OF ANTIBODIES,Phase 4,5,7428,0.0673
GEOMETRIC MEAN TITERS,Phase 1,10,5382,0.1858
GEOMETRIC MEAN TITERS,Phase 2,26,17715,0.1468
GEOMETRIC MEAN TITERS,Phase 3,80,12737,0.6281
GEOMETRIC MEAN TITERS,Phase 4,18,7428,0.2423
GRADE 3 OR HIGHER ADVERSE EVENTS,Phase 1,11,5382,0.2044
GRADE 3 OR HIGHER ADVERSE EVENTS,Phase 2,127,17715,0.7169
GRADE 3 OR HIGHER ADVERSE EVENTS,Phase 3,27,12737,0.2120
GRADE 3 OR HIGHER ADVERSE EVENTS,Phase 4,1,7428,0.0135
GRIP STRENGTH,Phase 2,7,17715,0.0395
GRIP STRENGTH,Phase 3,4,12737,0.0314
GRIP STRENGTH,Phase 4,3,7428,0.0404
HALF-LIFE,Phase 1,204,5382,3.7904
HALF-LIFE,Phase 2,71,17715,0.4008
HALF-LIFE,Phase 3,23,12737,0.1806
HALF-LIFE,Phase 4,8,7428,0.1077
HARRIS HIP SCORE,Phase 2,2,17715,0.0113
HARRIS HIP SCORE,Phase 4,2,7428,0.0269
HEART RATE,Phase 1,7,5382,0.1301
HEART RATE,Phase 2,21,17715,0.1185
HEART RATE,Phase 3,12,12737,0.0942
HEART RATE,Phase 4,19,7428,0.2558
HOSPITAL LENGTH OF STAY,Phase 1,4,5382,0.0743
HOSPITAL LENGTH OF STAY,Phase 2,20,17715,0.1129
HOSPITAL LENGTH OF STAY,Phase 3,16,12737,0.1256
HOSPITAL LENGTH OF STAY,Phase 4,39,7428,0.5250
HOSPITALIZATION RATE,Phase 1,1,5382,0.0186
HOSPITALIZATION RATE,Phase 2,19,17715,0.1073
HOSPITALIZATION RATE,Phase 3,28,12737,0.2198
HOSPITALIZATION RATE,Phase 4,8,7428,0.1077
ICU ADMISSION RATE,Phase 1,1,5382,0.0186
ICU ADMISSION RATE,Phase 2,18,17715,0.1016
ICU ADMISSION RATE,Phase 3,15,12737,0.1178
ICU ADMISSION RATE,Phase 4,7,7428,0.0942
ICU LENGTH OF STAY,Phase 1,3,5382,0.0557
ICU LENGTH OF STAY,Phase 2,10,17715,0.0564
ICU LENGTH OF STAY,Phase 3,10,12737,0.0785
ICU LENGTH OF STAY,Phase 4,11,7428,0.1481
IGA RESPONSE,Phase 1,5,5382,0.0929
IGA RESPONSE,Phase 2,115,17715,0.6492
IGA RESPONSE,Phase 3,124,12737,0.9735
IGA RESPONSE,Phase 4,25,7428,0.3366
IMMUNE RESPONSE RATE,Phase 1,26,5382,0.4831
IMMUNE RESPONSE RATE,Phase 2,79,17715,0.4459
IMMUNE RESPONSE RATE,Phase 3,45,12737,0.3533
IMMUNE RESPONSE RATE,Phase 4,13,7428,0.1750
IN-HOSPITAL MORTALITY,Phase 1,1,5382,0.0186
IN-HOSPITAL MORTALITY,Phase 2,11,17715,0.0621
IN-HOSPITAL MORTALITY,Phase 3,5,12737,0.0393
IN-HOSPITAL MORTALITY,Phase 4,8,7428,0.1077
INCIDENCE AND SEVERITY OF ADVERSE EVENTS,Phase 1,8,5382,0.1486
INCIDENCE AND SEVERITY OF ADVERSE EVENTS,Phase 2,15,17715,0.0847
INCIDENCE AND SEVERITY OF ADVERSE EVENTS,Phase 3,5,12737,0.0393
INCIDENCE AND SEVERITY OF ADVERSE EVENTS,Phase 4,2,7428,0.0269
INCIDENCE OF ADVERSE EVENTS,Phase 1,26,5382,0.4831
INCIDENCE OF ADVERSE EVENTS,Phase 2,127,17715,0.7169
INCIDENCE OF ADVERSE EVENTS,Phase 3,69,12737,0.5417
INCIDENCE OF ADVERSE EVENTS,Phase 4,14,7428,0.1885
INCIDENCE OF SERIOUS ADVERSE EVENTS,Phase 1,9,5382,0.1672
INCIDENCE OF SERIOUS ADVERSE EVENTS,Phase 2,23,17715,0.1298
INCIDENCE OF SERIOUS ADVERSE EVENTS,Phase 3,14,12737,0.1099
INCIDENCE OF SERIOUS ADVERSE EVENTS,Phase 4,4,7428,0.0539
INCIDENCE OF TREATMENT EMERGENT ADVERSE EVENTS,Phase 1,6,5382,0.1115
INCIDENCE OF TREATMENT EMERGENT ADVERSE EVENTS,Phase 2,17,17715,0.0960
INCIDENCE OF TREATMENT EMERGENT ADVERSE EVENTS,Phase 3,19,12737,0.1492
INCIDENCE OF TREATMENT EMERGENT ADVERSE EVENTS,Phase 4,1,7428,0.0135
INCIDENCE OF TREATMENT-EMERGENT ADVERSE EVENTS,Phase 1,20,5382,0.3716
INCIDENCE OF TREATMENT-EMERGENT ADVERSE EVENTS,Phase 2,49,17715,0.2766
INCIDENCE OF TREATMENT-EMERGENT ADVERSE EVENTS,Phase 3,23,12737,0.1806
INCIDENCE OF TREATMENT-EMERGENT ADVERSE EVENTS,Phase 4,7,7428,0.0942
INJECTION SITE REACTIONS,Phase 1,30,5382,0.5574
INJECTION SITE REACTIONS,Phase 2,49,17715,0.2766
INJECTION SITE REACTIONS,Phase 3,70,12737,0.5496
INJECTION SITE REACTIONS,Phase 4,9,7428,0.1212
INSOMNIA SEVERITY INDEX,Phase 2,6,17715,0.0339
INSOMNIA SEVERITY INDEX,Phase 3,1,12737,0.0079
INSOMNIA SEVERITY INDEX,Phase 4,7,7428,0.0942
INSULIN SENSITIVITY,Phase 1,1,5382,0.0186
INSULIN SENSITIVITY,Phase 2,13,17715,0.0734
INSULIN SENSITIVITY,Phase 3,4,12737,0.0314
INSULIN SENSITIVITY,Phase 4,10,7428,0.1346
INTRAOCULAR PRESSURE,Phase 1,6,5382,0.1115
INTRAOCULAR PRESSURE,Phase 2,15,17715,0.0847
INTRAOCULAR PRESSURE,Phase 3,11,12737,0.0864
INTRAOCULAR PRESSURE,Phase 4,18,7428,0.2423
LABORATORY VALUES SUMMARY,Phase 1,24,5382,0.4459
LABORATORY VALUES SUMMARY,Phase 2,19,17715,0.1073
LABORATORY VALUES SUMMARY,Phase 3,13,12737,0.1021
LABORATORY VALUES SUMMARY,Phase 4,5,7428,0.0673
LEFT VENTRICULAR EJECTION FRACTION,Phase 1,5,5382,0.0929
LEFT VENTRICULAR EJECTION FRACTION,Phase 2,9,17715,0.0508
LEFT VENTRICULAR EJECTION FRACTION,Phase 3,5,12737,0.0393
LEFT VENTRICULAR EJECTION FRACTION,Phase 4,6,7428,0.0808
LENGTH OF HOSPITAL STAY,Phase 1,3,5382,0.0557
LENGTH OF HOSPITAL STAY,Phase 2,60,17715,0.3387
LENGTH OF HOSPITAL STAY,Phase 3,65,12737,0.5103
LENGTH OF HOSPITAL STAY,Phase 4,121,7428,1.6290
LENGTH OF ICU STAY,Phase 2,10,17715,0.0564
LENGTH OF ICU STAY,Phase 3,6,12737,0.0471
LENGTH OF ICU STAY,Phase 4,10,7428,0.1346
LENGTH OF STAY,Phase 2,8,17715,0.0452
LENGTH OF STAY,Phase 3,9,12737,0.0707
LENGTH OF STAY,Phase 4,17,7428,0.2289
MAXIMUM OBSERVED PLASMA CONCENTRATION,Phase 1,52,5382,0.9662
MAXIMUM OBSERVED PLASMA CONCENTRATION,Phase 2,13,17715,0.0734
MAXIMUM OBSERVED PLASMA CONCENTRATION,Phase 3,4,12737,0.0314
MAXIMUM OBSERVED PLASMA CONCENTRATION,Phase 4,1,7428,0.0135
MAXIMUM OBSERVED SERUM CONCENTRATION,Phase 1,93,5382,1.7280
MAXIMUM OBSERVED SERUM CONCENTRATION,Phase 2,40,17715,0.2258
MAXIMUM OBSERVED SERUM CONCENTRATION,Phase 3,16,12737,0.1256
MAXIMUM OBSERVED SERUM CONCENTRATION,Phase 4,1,7428,0.0135
MAXIMUM PLASMA CONCENTRATION,Phase 1,2285,5382,42.4563
MAXIMUM PLASMA CONCENTRATION,Phase 2,821,17715,4.6345
MAXIMUM PLASMA CONCENTRATION,Phase 3,232,12737,1.8215
MAXIMUM PLASMA CONCENTRATION,Phase 4,107,7428,1.4405
MAXIMUM SERUM CONCENTRATION,Phase 1,80,5382,1.4864
MAXIMUM SERUM CONCENTRATION,Phase 2,50,17715,0.2822
MAXIMUM SERUM CONCENTRATION,Phase 3,24,12737,0.1884
MAXIMUM SERUM CONCENTRATION,Phase 4,3,7428,0.0404
MAXIMUM TOLERATED DOSE,Phase 1,355,5382,6.5961
MAXIMUM TOLERATED DOSE,Phase 2,37,17715,0.2089
MAXIMUM TOLERATED DOSE,Phase 3,1,12737,0.0079
MAXIMUM TOLERATED DOSE,Phase 4,2,7428,0.0269
MEAN ARTERIAL PRESSURE,Phase 1,1,5382,0.0186
MEAN ARTERIAL PRESSURE,Phase 2,2,17715,0.0113
MEAN ARTERIAL PRESSURE,Phase 4,14,7428,0.1885
MEAN CHANGE IN BEST CORRECTED VISUAL ACUITY,Phase 1,1,5382,0.0186
MEAN CHANGE IN BEST CORRECTED VISUAL ACUITY,Phase 2,17,17715,0.0960
MEAN CHANGE IN BEST CORRECTED VISUAL ACUITY,Phase 3,18,12737,0.1413
MEAN CHANGE IN BEST CORRECTED VISUAL ACUITY,Phase 4,8,7428,0.1077
MEAN CHANGE IN BLOOD PRESSURE,Phase 1,9,5382,0.1672
MEAN CHANGE IN BLOOD PRESSURE,Phase 2,19,17715,0.1073
MEAN CHANGE IN BLOOD PRESSURE,Phase 3,21,12737,0.1649
MEAN CHANGE IN BLOOD PRESSURE,Phase 4,9,7428,0.1212
MEAN CHANGE IN HEART RATE,Phase 1,9,5382,0.1672
MEAN CHANGE IN HEART RATE,Phase 2,16,17715,0.0903
MEAN CHANGE IN HEART RATE,Phase 3,18,12737,0.1413
MEAN CHANGE IN HEART RATE,Phase 4,7,7428,0.0942
MEAN CHANGE IN HEMOGLOBIN,Phase 1,6,5382,0.1115
MEAN CHANGE IN HEMOGLOBIN,Phase 2,24,17715,0.1355
MEAN CHANGE IN HEMOGLOBIN,Phase 3,40,12737,0.3140
MEAN CHANGE IN HEMOGLOBIN A1C,Phase 1,2,5382,0.0372
MEAN CHANGE IN HEMOGLOBIN A1C,Phase 2,10,17715,0.0564
MEAN CHANGE IN HEMOGLOBIN A1C,Phase 3,15,12737,0.1178
MEAN CHANGE IN HEMOGLOBIN A1C,Phase 4,11,7428,0.1481
MEAN HEART RATE,Phase 1,2,5382,0.0372
MEAN HEART RATE,Phase 2,21,17715,0.1185
MEAN HEART RATE,Phase 3,13,12737,0.1021
MEAN HEART RATE,Phase 4,1,7428,0.0135
MEAN RESIDENCE TIME,Phase 1,121,5382,2.2482
MEAN RESIDENCE TIME,Phase 2,29,17715,0.1637
MEAN RESIDENCE TIME,Phase 3,34,12737,0.2669
MEAN RESIDENCE TIME,Phase 4,6,7428,0.0808
MEDIAN DURATION OF RESPONSE,Phase 1,5,5382,0.0929
MEDIAN DURATION OF RESPONSE,Phase 2,39,17715,0.2202
MEDIAN DURATION OF RESPONSE,Phase 3,3,12737,0.0236
MEDIAN OVERALL SURVIVAL,Phase 1,10,5382,0.1858
MEDIAN OVERALL SURVIVAL,Phase 2,232,17715,1.3096
MEDIAN OVERALL SURVIVAL,Phase 3,14,12737,0.1099
MEDIAN PROGRESSION FREE SURVIVAL,Phase 1,5,5382,0.0929
MEDIAN PROGRESSION FREE SURVIVAL,Phase 2,84,17715,0.4742
MEDIAN PROGRESSION FREE SURVIVAL,Phase 3,5,12737,0.0393
MEDIAN PROGRESSION FREE SURVIVAL,Phase 4,2,7428,0.0269
MEDIAN PROGRESSION-FREE SURVIVAL,Phase 1,11,5382,0.2044
MEDIAN PROGRESSION-FREE SURVIVAL,Phase 2,170,17715,0.9596
MEDIAN PROGRESSION-FREE SURVIVAL,Phase 3,13,12737,0.1021
MEDIAN SURVIVAL TIME,Phase 1,3,5382,0.0557
MEDIAN SURVIVAL TIME,Phase 2,31,17715,0.1750
MEDIAN SURVIVAL TIME,Phase 3,7,12737,0.0550
MEDIAN SURVIVAL TIME,Phase 4,2,7428,0.0269
MEDICATION ADHERENCE,Phase 2,4,17715,0.0226
MEDICATION ADHERENCE,Phase 3,1,12737,0.0079
MEDICATION ADHERENCE,Phase 4,9,7428,0.1212
MICROBIOLOGICAL ERADICATION,Phase 2,24,17715,0.1355
MICROBIOLOGICAL ERADICATION,Phase 3,37,12737,0.2905
MICROBIOLOGICAL ERADICATION,Phase 4,9,7428,0.1212
MINIMAL RESIDUAL DISEASE NEGATIVITY,Phase 1,8,5382,0.1486
MINIMAL RESIDUAL DISEASE NEGATIVITY,Phase 2,42,17715,0.2371
MINIMAL RESIDUAL DISEASE NEGATIVITY,Phase 3,31,12737,0.2434
MINIMAL RESIDUAL DISEASE NEGATIVITY,Phase 4,4,7428,0.0539
MINIMUM PLASMA CONCENTRATION,Phase 1,28,5382,0.5203
MINIMUM PLASMA CONCENTRATION,Phase 2,31,17715,0.1750
MINIMUM PLASMA CONCENTRATION,Phase 3,12,12737,0.0942
MINIMUM PLASMA CONCENTRATION,Phase 4,4,7428,0.0539
MORTALITY,Phase 1,2,5382,0.0372
MORTALITY,Phase 2,15,17715,0.0847
MORTALITY,Phase 3,13,12737,0.1021
MORTALITY,Phase 4,8,7428,0.1077
MRI LESION COUNT,Phase 1,4,5382,0.0743
MRI LESION COUNT,Phase 2,19,17715,0.1073
MRI LESION COUNT,Phase 3,15,12737,0.1178
MRI LESION COUNT,Phase 4,5,7428,0.0673
NAUSEA,Phase 1,5,5382,0.0929
NAUSEA,Phase 2,11,17715,0.0621
NAUSEA,Phase 3,13,12737,0.1021
NAUSEA,Phase 4,34,7428,0.4577
NON-RELAPSE MORTALITY,Phase 1,2,5382,0.0372
NON-RELAPSE MORTALITY,Phase 2,52,17715,0.2935
NON-RELAPSE MORTALITY,Phase 3,9,12737,0.0707
NON-RELAPSE MORTALITY,Phase 4,1,7428,0.0135
NUMBER OF ADVERSE EVENTS,Phase 1,109,5382,2.0253
NUMBER OF ADVERSE EVENTS,Phase 2,224,17715,1.2645
NUMBER OF ADVERSE EVENTS,Phase 3,82,12737,0.6438
NUMBER OF ADVERSE EVENTS,Phase 4,54,7428,0.7270
NUMBER OF DEATHS,Phase 1,3,5382,0.0557
NUMBER OF DEATHS,Phase 2,17,17715,0.0960
NUMBER OF DEATHS,Phase 3,9,12737,0.0707
NUMBER OF DEATHS,Phase 4,7,7428,0.0942
NUMBER OF DOSE LIMITING TOXICITIES,Phase 1,15,5382,0.2787
NUMBER OF DOSE LIMITING TOXICITIES,Phase 2,2,17715,0.0113
NUMBER OF PARTICIPANTS ACHIEVING TARGET,Phase 2,10,17715,0.0564
NUMBER OF PARTICIPANTS ACHIEVING TARGET,Phase 3,16,12737,0.1256
NUMBER OF PARTICIPANTS ACHIEVING TARGET,Phase 4,5,7428,0.0673
NUMBER OF PARTICIPANTS COMPLETING TREATMENT,Phase 1,2,5382,0.0372
NUMBER OF PARTICIPANTS COMPLETING TREATMENT,Phase 2,13,17715,0.0734
NUMBER OF PARTICIPANTS COMPLETING TREATMENT,Phase 3,4,12737,0.0314
NUMBER OF PARTICIPANTS COMPLETING TREATMENT,Phase 4,8,7428,0.1077
NUMBER OF PARTICIPANTS REPORTING ONE OR MORE TREATMENT-EMERGENT ADVERSE EVENTS,Phase 1,42,5382,0.7804
NUMBER OF PARTICIPANTS REPORTING ONE OR MORE TREATMENT-EMERGENT ADVERSE EVENTS,Phase 2,2,17715,0.0113
NUMBER OF PARTICIPANTS REPORTING ONE OR MORE TREATMENT-EMERGENT ADVERSE EVENTS,Phase 3,6,12737,0.0471
NUMBER OF PARTICIPANTS REPORTING ONE OR MORE TREATMENT-EMERGENT ADVERSE EVENTS,Phase 4,3,7428,0.0404
NUMBER OF PARTICIPANTS WHO DIED,Phase 1,3,5382,0.0557
NUMBER OF PARTICIPANTS WHO DIED,Phase 2,30,17715,0.1693
NUMBER OF PARTICIPANTS WHO DIED,Phase 3,15,12737,0.1178
NUMBER OF PARTICIPANTS WHO DIED,Phase 4,3,7428,0.0404
NUMBER OF PARTICIPANTS WHO DISCONTINUED STUDY TREATMENT DUE TO AN AE,Phase 1,19,5382,0.3530
NUMBER OF PARTICIPANTS WHO DISCONTINUED STUDY TREATMENT DUE TO AN AE,Phase 2,20,17715,0.1129
NUMBER OF PARTICIPANTS WHO DISCONTINUED STUDY TREATMENT DUE TO AN AE,Phase 3,21,12737,0.1649
NUMBER OF PARTICIPANTS WITH ABNORMAL ECG FINDINGS,Phase 1,52,5382,0.9662
NUMBER OF PARTICIPANTS WITH ABNORMAL ECG FINDINGS,Phase 2,67,17715,0.3782
NUMBER OF PARTICIPANTS WITH ABNORMAL ECG FINDINGS,Phase 3,19,12737,0.1492
NUMBER OF PARTICIPANTS WITH ABNORMAL ECG FINDINGS,Phase 4,3,7428,0.0404
NUMBER OF PARTICIPANTS WITH ABNORMAL VITAL SIGNS,Phase 1,27,5382,0.5017
NUMBER OF PARTICIPANTS WITH ABNORMAL VITAL SIGNS,Phase 2,25,17715,0.1411
NUMBER OF PARTICIPANTS WITH ABNORMAL VITAL SIGNS,Phase 3,7,12737,0.0550
NUMBER OF PARTICIPANTS WITH ABNORMAL VITAL SIGNS,Phase 4,2,7428,0.0269
NUMBER OF PARTICIPANTS WITH ADVERSE DRUG REACTIONS,Phase 2,1,17715,0.0056
NUMBER OF PARTICIPANTS WITH ADVERSE DRUG REACTIONS,Phase 3,2,12737,0.0157
NUMBER OF PARTICIPANTS WITH ADVERSE DRUG REACTIONS,Phase 4,3,7428,0.0404
NUMBER OF PARTICIPANTS WITH ADVERSE EVENTS,Phase 1,667,5382,12.3932
NUMBER OF PARTICIPANTS WITH ADVERSE EVENTS,Phase 2,1512,17715,8.5351
NUMBER OF PARTICIPANTS WITH ADVERSE EVENTS,Phase 3,992,12737,7.7883
NUMBER OF PARTICIPANTS WITH ADVERSE EVENTS,Phase 4,272,7428,3.6618
NUMBER OF PARTICIPANTS WITH ADVERSE EVENTS AND SERIOUS ADVERSE EVENTS,Phase 1,13,5382,0.2415
NUMBER OF PARTICIPANTS WITH ADVERSE EVENTS AND SERIOUS ADVERSE EVENTS,Phase 2,16,17715,0.0903
NUMBER OF PARTICIPANTS WITH ADVERSE EVENTS AND SERIOUS ADVERSE EVENTS,Phase 3,15,12737,0.1178
NUMBER OF PARTICIPANTS WITH ADVERSE EVENTS AND SERIOUS ADVERSE EVENTS,Phase 4,10,7428,0.1346
NUMBER OF PARTICIPANTS WITH ADVERSE EVENTS LEADING TO DISCONTINUATION,Phase 1,4,5382,0.0743
NUMBER OF PARTICIPANTS WITH ADVERSE EVENTS LEADING TO DISCONTINUATION,Phase 2,29,17715,0.1637
NUMBER OF PARTICIPANTS WITH ADVERSE EVENTS LEADING TO DISCONTINUATION,Phase 3,40,12737,0.3140
NUMBER OF PARTICIPANTS WITH ADVERSE EVENTS LEADING TO DISCONTINUATION,Phase 4,6,7428,0.0808
NUMBER OF PARTICIPANTS WITH ADVERSE EVENTS OF SPECIAL INTEREST,Phase 1,11,5382,0.2044
NUMBER OF PARTICIPANTS WITH ADVERSE EVENTS OF SPECIAL INTEREST,Phase 2,25,17715,0.1411
NUMBER OF PARTICIPANTS WITH ADVERSE EVENTS OF SPECIAL INTEREST,Phase 3,37,12737,0.2905
NUMBER OF PARTICIPANTS WITH ADVERSE EVENTS OF SPECIAL INTEREST,Phase 4,9,7428,0.1212
NUMBER OF PARTICIPANTS WITH ANTI-DRUG ANTIBODIES,Phase 1,53,5382,0.9848
NUMBER OF PARTICIPANTS WITH ANTI-DRUG ANTIBODIES,Phase 2,61,17715,0.3443
NUMBER OF PARTICIPANTS WITH ANTI-DRUG ANTIBODIES,Phase 3,86,12737,0.6752
NUMBER OF PARTICIPANTS WITH ANTI-DRUG ANTIBODIES,Phase 4,2,7428,0.0269
NUMBER OF PARTICIPANTS WITH ANY ADVERSE EVENT,Phase 1,3,5382,0.0557
NUMBER OF PARTICIPANTS WITH ANY ADVERSE EVENT,Phase 2,33,17715,0.1863
NUMBER OF PARTICIPANTS WITH ANY ADVERSE EVENT,Phase 3,20,12737,0.1570
NUMBER OF PARTICIPANTS WITH ANY ADVERSE EVENT,Phase 4,7,7428,0.0942
NUMBER OF PARTICIPANTS WITH ANY ADVERSE EVENTS,Phase 1,14,5382,0.2601
NUMBER OF PARTICIPANTS WITH ANY ADVERSE EVENTS,Phase 2,35,17715,0.1976
NUMBER OF PARTICIPANTS WITH ANY ADVERSE EVENTS,Phase 3,31,12737,0.2434
NUMBER OF PARTICIPANTS WITH ANY ADVERSE EVENTS,Phase 4,8,7428,0.1077
NUMBER OF PARTICIPANTS WITH ANY TREATMENT-EMERGENT ADVERSE EVENT,Phase 1,3,5382,0.0557
NUMBER OF PARTICIPANTS WITH ANY TREATMENT-EMERGENT ADVERSE EVENT,Phase 2,29,17715,0.1637
NUMBER OF PARTICIPANTS WITH ANY TREATMENT-EMERGENT ADVERSE EVENT,Phase 3,8,12737,0.0628
NUMBER OF PARTICIPANTS WITH ANY TREATMENT-EMERGENT ADVERSE EVENT,Phase 4,1,7428,0.0135
NUMBER OF PARTICIPANTS WITH CLINICAL LABORATORY ABNORMALITIES,Phase 1,27,5382,0.5017
NUMBER OF PARTICIPANTS WITH CLINICAL LABORATORY ABNORMALITIES,Phase 2,12,17715,0.0677
NUMBER OF PARTICIPANTS WITH CLINICAL LABORATORY ABNORMALITIES,Phase 3,5,12737,0.0393
NUMBER OF PARTICIPANTS WITH CLINICAL LABORATORY ABNORMALITIES,Phase 4,2,7428,0.0269
NUMBER OF PARTICIPANTS WITH CLINICALLY SIGNIFICANT CHANGE IN VITAL SIGNS,Phase 1,36,5382,0.6689
NUMBER OF PARTICIPANTS WITH CLINICALLY SIGNIFICANT CHANGE IN VITAL SIGNS,Phase 2,20,17715,0.1129
NUMBER OF PARTICIPANTS WITH CLINICALLY SIGNIFICANT CHANGE IN VITAL SIGNS,Phase 3,13,12737,0.1021
NUMBER OF PARTICIPANTS WITH CLINICALLY SIGNIFICANT CHANGE IN VITAL SIGNS,Phase 4,1,7428,0.0135
NUMBER OF PARTICIPANTS WITH CLINICALLY SIGNIFICANT CHANGES IN VITAL SIGNS,Phase 1,36,5382,0.6689
NUMBER OF PARTICIPANTS WITH CLINICALLY SIGNIFICANT CHANGES IN VITAL SIGNS,Phase 2,26,17715,0.1468
NUMBER OF PARTICIPANTS WITH CLINICALLY SIGNIFICANT CHANGES IN VITAL SIGNS,Phase 3,20,12737,0.1570
NUMBER OF PARTICIPANTS WITH CLINICALLY SIGNIFICANT CHANGES IN VITAL SIGNS,Phase 4,2,7428,0.0269
NUMBER OF PARTICIPANTS WITH CLINICALLY SIGNIFICANT ECG ABNORMALITIES,Phase 1,18,5382,0.3344
NUMBER OF PARTICIPANTS WITH CLINICALLY SIGNIFICANT ECG ABNORMALITIES,Phase 2,24,17715,0.1355
NUMBER OF PARTICIPANTS WITH CLINICALLY SIGNIFICANT ECG ABNORMALITIES,Phase 3,14,12737,0.1099
NUMBER OF PARTICIPANTS WITH CLINICALLY SIGNIFICANT ECG ABNORMALITIES,Phase 4,1,7428,0.0135
NUMBER OF PARTICIPANTS WITH CLINICALLY SIGNIFICANT ECG CHANGES,Phase 1,28,5382,0.5203
NUMBER OF PARTICIPANTS WITH CLINICALLY SIGNIFICANT ECG CHANGES,Phase 2,13,17715,0.0734
NUMBER OF PARTICIPANTS WITH CLINICALLY SIGNIFICANT ECG CHANGES,Phase 3,7,12737,0.0550
NUMBER OF PARTICIPANTS WITH CLINICALLY SIGNIFICANT LABORATORY ABNORMALITIES,Phase 1,36,5382,0.6689
NUMBER OF PARTICIPANTS WITH CLINICALLY SIGNIFICANT LABORATORY ABNORMALITIES,Phase 2,34,17715,0.1919
NUMBER OF PARTICIPANTS WITH CLINICALLY SIGNIFICANT LABORATORY ABNORMALITIES,Phase 3,21,12737,0.1649
NUMBER OF PARTICIPANTS WITH CLINICALLY SIGNIFICANT LABORATORY ABNORMALITIES,Phase 4,3,7428,0.0404
NUMBER OF PARTICIPANTS WITH COMPLICATIONS,Phase 2,4,17715,0.0226
NUMBER OF PARTICIPANTS WITH COMPLICATIONS,Phase 3,2,12737,0.0157
NUMBER OF PARTICIPANTS WITH COMPLICATIONS,Phase 4,7,7428,0.0942
NUMBER OF PARTICIPANTS WITH DOSE LIMITING TOXICITIES,Phase 1,94,5382,1.7466
NUMBER OF PARTICIPANTS WITH DOSE LIMITING TOXICITIES,Phase 2,20,17715,0.1129
NUMBER OF PARTICIPANTS WITH DOSE LIMITING TOXICITIES,Phase 3,4,12737,0.0314
NUMBER OF PARTICIPANTS WITH DOSE LIMITING TOXICITIES,Phase 4,1,7428,0.0135
NUMBER OF PARTICIPANTS WITH DOSE LIMITING TOXICITY,Phase 1,22,5382,0.4088
NUMBER OF PARTICIPANTS WITH DOSE LIMITING TOXICITY,Phase 2,6,17715,0.0339
NUMBER OF PARTICIPANTS WITH DOSE LIMITING TOXICITY,Phase 4,1,7428,0.0135
NUMBER OF PARTICIPANTS WITH DOSE-LIMITING TOXICITIES,Phase 1,109,5382,2.0253
NUMBER OF PARTICIPANTS WITH DOSE-LIMITING TOXICITIES,Phase 2,17,17715,0.0960
NUMBER OF PARTICIPANTS WITH DOSE-LIMITING TOXICITIES,Phase 3,6,12737,0.0471
NUMBER OF PARTICIPANTS WITH DOSE-LIMITING TOXICITY,Phase 1,21,5382,0.3902
NUMBER OF PARTICIPANTS WITH DOSE-LIMITING TOXICITY,Phase 2,2,17715,0.0113
NUMBER OF PARTICIPANTS WITH DOSE-LIMITING TOXICITY,Phase 3,1,12737,0.0079
NUMBER OF PARTICIPANTS WITH DRUG-RELATED ADVERSE EVENTS,Phase 1,37,5382,0.6875
NUMBER OF PARTICIPANTS WITH DRUG-RELATED ADVERSE EVENTS,Phase 2,30,17715,0.1693
NUMBER OF PARTICIPANTS WITH DRUG-RELATED ADVERSE EVENTS,Phase 3,17,12737,0.1335
NUMBER OF PARTICIPANTS WITH DRUG-RELATED ADVERSE EVENTS,Phase 4,9,7428,0.1212
NUMBER OF PARTICIPANTS WITH ECG ABNORMALITIES,Phase 1,46,5382,0.8547
NUMBER OF PARTICIPANTS WITH ECG ABNORMALITIES,Phase 2,29,17715,0.1637
NUMBER OF PARTICIPANTS WITH ECG ABNORMALITIES,Phase 3,17,12737,0.1335
NUMBER OF PARTICIPANTS WITH ECG ABNORMALITIES,Phase 4,3,7428,0.0404
NUMBER OF PARTICIPANTS WITH GRADE 3 OR HIGHER ADVERSE EVENTS,Phase 1,9,5382,0.1672
NUMBER OF PARTICIPANTS WITH GRADE 3 OR HIGHER ADVERSE EVENTS,Phase 2,36,17715,0.2032
NUMBER OF PARTICIPANTS WITH GRADE 3 OR HIGHER ADVERSE EVENTS,Phase 3,11,12737,0.0864
NUMBER OF PARTICIPANTS WITH GRADE 3 OR HIGHER ADVERSE EVENTS,Phase 4,1,7428,0.0135
NUMBER OF PARTICIPANTS WITH INJECTION SITE REACTIONS,Phase 1,8,5382,0.1486
NUMBER OF PARTICIPANTS WITH INJECTION SITE REACTIONS,Phase 2,15,17715,0.0847
NUMBER OF PARTICIPANTS WITH INJECTION SITE REACTIONS,Phase 3,15,12737,0.1178
NUMBER OF PARTICIPANTS WITH INJECTION SITE REACTIONS,Phase 4,2,7428,0.0269
NUMBER OF PARTICIPANTS WITH LABORATORY ABNORMALITIES,Phase 1,96,5382,1.7837
NUMBER OF PARTICIPANTS WITH LABORATORY ABNORMALITIES,Phase 2,97,17715,0.5476
NUMBER OF PARTICIPANTS WITH LABORATORY ABNORMALITIES,Phase 3,74,12737,0.5810
NUMBER OF PARTICIPANTS WITH LABORATORY ABNORMALITIES,Phase 4,15,7428,0.2019
NUMBER OF PARTICIPANTS WITH LABORATORY TEST ABNORMALITIES,Phase 1,55,5382,1.0219
NUMBER OF PARTICIPANTS WITH LABORATORY TEST ABNORMALITIES,Phase 2,29,17715,0.1637
NUMBER OF PARTICIPANTS WITH LABORATORY TEST ABNORMALITIES,Phase 3,20,12737,0.1570
NUMBER OF PARTICIPANTS WITH LABORATORY TEST ABNORMALITIES,Phase 4,2,7428,0.0269
NUMBER OF PARTICIPANTS WITH NON-SERIOUS ADVERSE EVENTS,Phase 1,10,5382,0.1858
NUMBER OF PARTICIPANTS WITH NON-SERIOUS ADVERSE EVENTS,Phase 2,11,17715,0.0621
NUMBER OF PARTICIPANTS WITH NON-SERIOUS ADVERSE EVENTS,Phase 3,7,12737,0.0550
NUMBER OF PARTICIPANTS WITH NON-SERIOUS ADVERSE EVENTS,Phase 4,5,7428,0.0673
NUMBER OF PARTICIPANTS WITH POSITIVE ANTI-DRUG ANTIBODIES,Phase 1,19,5382,0.3530
NUMBER OF PARTICIPANTS WITH POSITIVE ANTI-DRUG ANTIBODIES,Phase 2,28,17715,0.1581
NUMBER OF PARTICIPANTS WITH POSITIVE ANTI-DRUG ANTIBODIES,Phase 3,10,12737,0.0785
NUMBER OF PARTICIPANTS WITH SERIOUS ADVERSE EVENTS,Phase 1,277,5382,5.1468
NUMBER OF PARTICIPANTS WITH SERIOUS ADVERSE EVENTS,Phase 2,508,17715,2.8676
NUMBER OF PARTICIPANTS WITH SERIOUS ADVERSE EVENTS,Phase 3,508,12737,3.9884
NUMBER OF PARTICIPANTS WITH SERIOUS ADVERSE EVENTS,Phase 4,122,7428,1.6424
NUMBER OF PARTICIPANTS WITH SERIOUS AND NON-SERIOUS ADVERSE EVENTS,Phase 1,33,5382,0.6132
NUMBER OF PARTICIPANTS WITH SERIOUS AND NON-SERIOUS ADVERSE EVENTS,Phase 2,58,17715,0.3274
NUMBER OF PARTICIPANTS WITH SERIOUS AND NON-SERIOUS ADVERSE EVENTS,Phase 3,5,12737,0.0393
NUMBER OF PARTICIPANTS WITH SERIOUS AND NON-SERIOUS ADVERSE EVENTS,Phase 4,2,7428,0.0269
NUMBER OF PARTICIPANTS WITH SERIOUS AND/OR NON-SERIOUS ADVERSE EVENTS,Phase 1,26,5382,0.4831
NUMBER OF PARTICIPANTS WITH SERIOUS AND/OR NON-SERIOUS ADVERSE EVENTS,Phase 2,51,17715,0.2879
NUMBER OF PARTICIPANTS WITH SOLICITED LOCAL ADVERSE EVENTS,Phase 1,6,5382,0.1115
NUMBER OF PARTICIPANTS WITH SOLICITED LOCAL ADVERSE EVENTS,Phase 2,16,17715,0.0903
NUMBER OF PARTICIPANTS WITH SOLICITED LOCAL ADVERSE EVENTS,Phase 3,14,12737,0.1099
NUMBER OF PARTICIPANTS WITH TREATMENT EMERGENT ADVERSE EVENTS,Phase 1,121,5382,2.2482
NUMBER OF PARTICIPANTS WITH TREATMENT EMERGENT ADVERSE EVENTS,Phase 2,240,17715,1.3548
NUMBER OF PARTICIPANTS WITH TREATMENT EMERGENT ADVERSE EVENTS,Phase 3,181,12737,1.4211
NUMBER OF PARTICIPANTS WITH TREATMENT EMERGENT ADVERSE EVENTS,Phase 4,36,7428,0.4847
NUMBER OF PARTICIPANTS WITH TREATMENT RELATED ADVERSE EVENTS,Phase 1,4,5382,0.0743
NUMBER OF PARTICIPANTS WITH TREATMENT RELATED ADVERSE EVENTS,Phase 2,17,17715,0.0960
NUMBER OF PARTICIPANTS WITH TREATMENT RELATED ADVERSE EVENTS,Phase 3,6,12737,0.0471
NUMBER OF PARTICIPANTS WITH TREATMENT RELATED ADVERSE EVENTS,Phase 4,2,7428,0.0269
NUMBER OF PARTICIPANTS WITH TREATMENT-EMERGENT ADVERSE EVENTS,Phase 1,607,5382,11.2783
NUMBER OF PARTICIPANTS WITH TREATMENT-EMERGENT ADVERSE EVENTS,Phase 2,1002,17715,5.6562
NUMBER OF PARTICIPANTS WITH TREATMENT-EMERGENT ADVERSE EVENTS,Phase 3,851,12737,6.6813
NUMBER OF PARTICIPANTS WITH TREATMENT-EMERGENT ADVERSE EVENTS,Phase 4,134,7428,1.8040
NUMBER OF PARTICIPANTS WITH TREATMENT-EMERGENT SERIOUS ADVERSE EVENTS,Phase 1,11,5382,0.2044
NUMBER OF PARTICIPANTS WITH TREATMENT-EMERGENT SERIOUS ADVERSE EVENTS,Phase 2,22,17715,0.1242
NUMBER OF PARTICIPANTS WITH TREATMENT-EMERGENT SERIOUS ADVERSE EVENTS,Phase 3,20,12737,0.1570
NUMBER OF PARTICIPANTS WITH TREATMENT-EMERGENT SERIOUS ADVERSE EVENTS,Phase 4,6,7428,0.0808
NUMBER OF PARTICIPANTS WITH TREATMENT-RELATED ADVERSE EVENTS,Phase 1,51,5382,0.9476
NUMBER OF PARTICIPANTS WITH TREATMENT-RELATED ADVERSE EVENTS,Phase 2,123,17715,0.6943
NUMBER OF PARTICIPANTS WITH TREATMENT-RELATED ADVERSE EVENTS,Phase 3,18,12737,0.1413
NUMBER OF PARTICIPANTS WITH TREATMENT-RELATED ADVERSE EVENTS,Phase 4,4,7428,0.0539
NUMBER OF PARTICIPANTS WITH UNSOLICITED ADVERSE EVENTS,Phase 1,24,5382,0.4459
NUMBER OF PARTICIPANTS WITH UNSOLICITED ADVERSE EVENTS,Phase 2,57,17715,0.3218
NUMBER OF PARTICIPANTS WITH UNSOLICITED ADVERSE EVENTS,Phase 3,74,12737,0.5810
NUMBER OF PARTICIPANTS WITH UNSOLICITED ADVERSE EVENTS,Phase 4,11,7428,0.1481
NUMBER OF PATIENTS WITH ADVERSE EVENTS,Phase 1,10,5382,0.1858
NUMBER OF PATIENTS WITH ADVERSE EVENTS,Phase 2,49,17715,0.2766
NUMBER OF PATIENTS WITH ADVERSE EVENTS,Phase 3,25,12737,0.1963
NUMBER OF PATIENTS WITH ADVERSE EVENTS,Phase 4,15,7428,0.2019
NUMBER OF RESPONDERS,Phase 2,20,17715,0.1129
NUMBER OF RESPONDERS,Phase 3,16,12737,0.1256
NUMBER OF RESPONDERS,Phase 4,4,7428,0.0539
NUMBER OF SERIOUS ADVERSE EVENTS,Phase 1,13,5382,0.2415
NUMBER OF SERIOUS ADVERSE EVENTS,Phase 2,28,17715,0.1581
NUMBER OF SERIOUS ADVERSE EVENTS,Phase 3,26,12737,0.2041
NUMBER OF SERIOUS ADVERSE EVENTS,Phase 4,10,7428,0.1346
NUMBER OF SEROCONVERTED SUBJECTS,Phase 2,15,17715,0.0847
NUMBER OF SEROCONVERTED SUBJECTS,Phase 3,37,12737,0.2905
NUMBER OF SEROCONVERTED SUBJECTS,Phase 4,4,7428,0.0539
NUMBER OF SEROPROTECTED SUBJECTS,Phase 1,1,5382,0.0186
NUMBER OF SEROPROTECTED SUBJECTS,Phase 2,11,17715,0.0621
NUMBER OF SEROPROTECTED SUBJECTS,Phase 3,31,12737,0.2434
NUMBER OF SEROPROTECTED SUBJECTS,Phase 4,5,7428,0.0673
NUMBER OF SUBJECTS REPORTING UNSOLICITED ADVERSE EVENTS,Phase 1,4,5382,0.0743
NUMBER OF SUBJECTS REPORTING UNSOLICITED ADVERSE EVENTS,Phase 2,10,17715,0.0564
NUMBER OF SUBJECTS REPORTING UNSOLICITED ADVERSE EVENTS,Phase 3,47,12737,0.3690
NUMBER OF SUBJECTS REPORTING UNSOLICITED ADVERSE EVENTS,Phase 4,10,7428,0.1346
NUMBER OF SUBJECTS WITH ANY AND GRADE 3 SOLICITED LOCAL SYMPTOMS,Phase 2,45,17715,0.2540
NUMBER OF SUBJECTS WITH ANY AND GRADE 3 SOLICITED LOCAL SYMPTOMS,Phase 3,71,12737,0.5574
NUMBER OF SUBJECTS WITH ANY AND GRADE 3 SOLICITED LOCAL SYMPTOMS,Phase 4,6,7428,0.0808
NUMBER OF SUBJECTS WITH ANY UNSOLICITED ADVERSE EVENTS,Phase 1,1,5382,0.0186
NUMBER OF SUBJECTS WITH ANY UNSOLICITED ADVERSE EVENTS,Phase 2,18,17715,0.1016
NUMBER OF SUBJECTS WITH ANY UNSOLICITED ADVERSE EVENTS,Phase 3,33,12737,0.2591
NUMBER OF SUBJECTS WITH ANY UNSOLICITED ADVERSE EVENTS,Phase 4,5,7428,0.0673
"NUMBER OF SUBJECTS WITH ANY, GRADE 3 AND RELATED SOLICITED GENERAL SYMPTOMS",Phase 2,42,17715,0.2371
"NUMBER OF SUBJECTS WITH ANY, GRADE 3 AND RELATED SOLICITED GENERAL SYMPTOMS",Phase 3,61,12737,0.4789
"NUMBER OF SUBJECTS WITH ANY, GRADE 3 AND RELATED SOLICITED GENERAL SYMPTOMS",Phase 4,6,7428,0.0808
"NUMBER OF SUBJECTS WITH ANY, GRADE 3 AND RELATED UNSOLICITED ADVERSE EVENTS",Phase 1,1,5382,0.0186
"NUMBER OF SUBJECTS WITH ANY, GRADE 3 AND RELATED UNSOLICITED ADVERSE EVENTS",Phase 2,24,17715,0.1355
"NUMBER OF SUBJECTS WITH ANY, GRADE 3 AND RELATED UNSOLICITED ADVERSE EVENTS",Phase 3,38,12737,0.2983
"NUMBER OF SUBJECTS WITH ANY, GRADE 3 AND RELATED UNSOLICITED ADVERSE EVENTS",Phase 4,1,7428,0.0135
NUMBER OF SUBJECTS WITH SOLICITED GENERAL SYMPTOMS,Phase 1,3,5382,0.0557
NUMBER OF SUBJECTS WITH SOLICITED GENERAL SYMPTOMS,Phase 2,19,17715,0.1073
NUMBER OF SUBJECTS WITH SOLICITED GENERAL SYMPTOMS,Phase 3,23,12737,0.1806
NUMBER OF SUBJECTS WITH SOLICITED GENERAL SYMPTOMS,Phase 4,3,7428,0.0404
NUMBER OF SUBJECTS WITH SOLICITED LOCAL SYMPTOMS,Phase 1,3,5382,0.0557
NUMBER OF SUBJECTS WITH SOLICITED LOCAL SYMPTOMS,Phase 2,17,17715,0.0960
NUMBER OF SUBJECTS WITH SOLICITED LOCAL SYMPTOMS,Phase 3,21,12737,0.1649
NUMBER OF SUBJECTS WITH SOLICITED LOCAL SYMPTOMS,Phase 4,2,7428,0.0269
NUMBER OF SUBJECTS WITH UNSOLICITED ADVERSE EVENTS,Phase 1,5,5382,0.0929
NUMBER OF SUBJECTS WITH UNSOLICITED ADVERSE EVENTS,Phase 2,18,17715,0.1016
NUMBER OF SUBJECTS WITH UNSOLICITED ADVERSE EVENTS,Phase 3,26,12737,0.2041
NUMBER OF SUBJECTS WITH UNSOLICITED ADVERSE EVENTS,Phase 4,6,7428,0.0808
NUMBER OF TREATMENT EMERGENT ADVERSE EVENTS,Phase 1,6,5382,0.1115
NUMBER OF TREATMENT EMERGENT ADVERSE EVENTS,Phase 2,25,17715,0.1411
NUMBER OF TREATMENT EMERGENT ADVERSE EVENTS,Phase 3,22,12737,0.1727
NUMBER OF TREATMENT EMERGENT ADVERSE EVENTS,Phase 4,4,7428,0.0539
NUMBER OF TREATMENT-EMERGENT ADVERSE EVENTS,Phase 1,16,5382,0.2973
NUMBER OF TREATMENT-EMERGENT ADVERSE EVENTS,Phase 2,43,17715,0.2427
NUMBER OF TREATMENT-EMERGENT ADVERSE EVENTS,Phase 3,38,12737,0.2983
NUMBER OF TREATMENT-EMERGENT ADVERSE EVENTS,Phase 4,1,7428,0.0135
OBJECTIVE RESPONSE RATE,Phase 1,720,5382,13.3779
OBJECTIVE RESPONSE RATE,Phase 2,3684,17715,20.7959
OBJECTIVE RESPONSE RATE,Phase 3,889,12737,6.9797
OBJECTIVE RESPONSE RATE,Phase 4,74,7428,0.9962
OCCURRENCE OF ADVERSE EVENTS,Phase 1,5,5382,0.0929
OCCURRENCE OF ADVERSE EVENTS,Phase 2,8,17715,0.0452
OCCURRENCE OF ADVERSE EVENTS,Phase 3,11,12737,0.0864
OCCURRENCE OF ADVERSE EVENTS,Phase 4,6,7428,0.0808
OPERATIVE TIME,Phase 2,1,17715,0.0056
OPERATIVE TIME,Phase 3,6,12737,0.0471
OPERATIVE TIME,Phase 4,3,7428,0.0404
OPIOID CONSUMPTION,Phase 1,1,5382,0.0186
OPIOID CONSUMPTION,Phase 2,3,17715,0.0169
OPIOID CONSUMPTION,Phase 3,6,12737,0.0471
OPIOID CONSUMPTION,Phase 4,50,7428,0.6731
OVERALL SURVIVAL,Phase 1,273,5382,5.0725
OVERALL SURVIVAL,Phase 2,3193,17715,18.0243
OVERALL SURVIVAL,Phase 3,1252,12737,9.8296
OVERALL SURVIVAL,Phase 4,71,7428,0.9558
OVERALL SURVIVAL RATE,Phase 1,3,5382,0.0557
OVERALL SURVIVAL RATE,Phase 2,62,17715,0.3500
OVERALL SURVIVAL RATE,Phase 3,18,12737,0.1413
OVERALL SURVIVAL RATE,Phase 4,2,7428,0.0269
PAIN INTENSITY,Phase 2,8,17715,0.0452
PAIN INTENSITY,Phase 3,8,12737,0.0628
PAIN INTENSITY,Phase 4,4,7428,0.0539
PAIN INTERFERENCE SCORE,Phase 2,3,17715,0.0169
PAIN INTERFERENCE SCORE,Phase 3,3,12737,0.0236
PAIN INTERFERENCE SCORE,Phase 4,3,7428,0.0404
PAIN RESPONSE RATE,Phase 1,1,5382,0.0186
PAIN RESPONSE RATE,Phase 2,62,17715,0.3500
PAIN RESPONSE RATE,Phase 3,117,12737,0.9186
PAIN RESPONSE RATE,Phase 4,32,7428,0.4308
PAIN SCORE,Phase 2,17,17715,0.0960
PAIN SCORE,Phase 3,15,12737,0.1178
PAIN SCORE,Phase 4,64,7428,0.8616
PARTIAL RESPONSE RATE,Phase 1,13,5382,0.2415
PARTIAL RESPONSE RATE,Phase 2,60,17715,0.3387
PARTIAL RESPONSE RATE,Phase 3,12,12737,0.0942
PARTIAL RESPONSE RATE,Phase 4,5,7428,0.0673
PARTICIPANT SATISFACTION,Phase 1,4,5382,0.0743
PARTICIPANT SATISFACTION,Phase 2,6,17715,0.0339
PARTICIPANT SATISFACTION,Phase 3,6,12737,0.0471
PARTICIPANT SATISFACTION,Phase 4,8,7428,0.1077
PASI 100 RESPONSE,Phase 1,1,5382,0.0186
PASI 100 RESPONSE,Phase 2,18,17715,0.1016
PASI 100 RESPONSE,Phase 3,51,12737,0.4004
PASI 100 RESPONSE,Phase 4,10,7428,0.1346
PASI 50 RESPONSE,Phase 1,2,5382,0.0372
PASI 50 RESPONSE,Phase 2,34,17715,0.1919
PASI 50 RESPONSE,Phase 3,35,12737,0.2748
PASI 50 RESPONSE,Phase 4,12,7428,0.1616
PASI 75 RESPONSE,Phase 1,1,5382,0.0186
PASI 75 RESPONSE,Phase 2,76,17715,0.4290
PASI 75 RESPONSE,Phase 3,155,12737,1.2169
PASI 75 RESPONSE,Phase 4,34,7428,0.4577
PASI 90 RESPONSE,Phase 1,1,5382,0.0186
PASI 90 RESPONSE,Phase 2,32,17715,0.1806
PASI 90 RESPONSE,Phase 3,105,12737,0.8244
PASI 90 RESPONSE,Phase 4,20,7428,0.2693
PATHOLOGIC COMPLETE RESPONSE,Phase 1,2,5382,0.0372
PATHOLOGIC COMPLETE RESPONSE,Phase 2,79,17715,0.4459
PATHOLOGIC COMPLETE RESPONSE,Phase 3,8,12737,0.0628
PATHOLOGIC COMPLETE RESPONSE RATE,Phase 1,2,5382,0.0372
PATHOLOGIC COMPLETE RESPONSE RATE,Phase 2,38,17715,0.2145
PATHOLOGIC COMPLETE RESPONSE RATE,Phase 3,5,12737,0.0393
PATHOLOGICAL COMPLETE RESPONSE,Phase 1,9,5382,0.1672
PATHOLOGICAL COMPLETE RESPONSE,Phase 2,131,17715,0.7395
PATHOLOGICAL COMPLETE RESPONSE,Phase 3,17,12737,0.1335
PATHOLOGICAL COMPLETE RESPONSE,Phase 4,1,7428,0.0135
PATIENT GLOBAL IMPRESSION OF CHANGE,Phase 1,1,5382,0.0186
PATIENT GLOBAL IMPRESSION OF CHANGE,Phase 2,163,17715,0.9201
PATIENT GLOBAL IMPRESSION OF CHANGE,Phase 3,193,12737,1.5153
PATIENT GLOBAL IMPRESSION OF CHANGE,Phase 4,72,7428,0.9693
PATIENT GLOBAL IMPRESSION OF IMPROVEMENT,Phase 2,9,17715,0.0508
PATIENT GLOBAL IMPRESSION OF IMPROVEMENT,Phase 3,34,12737,0.2669
PATIENT GLOBAL IMPRESSION OF IMPROVEMENT,Phase 4,10,7428,0.1346
PATIENT GLOBAL IMPRESSION OF SEVERITY,Phase 2,28,17715,0.1581
PATIENT GLOBAL IMPRESSION OF SEVERITY,Phase 3,22,12737,0.1727
PATIENT GLOBAL IMPRESSION OF SEVERITY,Phase 4,1,7428,0.0135
PATIENT SATISFACTION,Phase 1,6,5382,0.1115
PATIENT SATISFACTION,Phase 2,49,17715,0.2766
PATIENT SATISFACTION,Phase 3,94,12737,0.7380
PATIENT SATISFACTION,Phase 4,188,7428,2.5310
PEAK PLASMA CONCENTRATION,Phase 1,39,5382,0.7246
PEAK PLASMA CONCENTRATION,Phase 2,22,17715,0.1242
PEAK PLASMA CONCENTRATION,Phase 3,5,12737,0.0393
PEAK PLASMA CONCENTRATION,Phase 4,8,7428,0.1077
PERCEIVED STRESS SCORE,Phase 1,1,5382,0.0186
PERCEIVED STRESS SCORE,Phase 2,4,17715,0.0226
PERCEIVED STRESS SCORE,Phase 3,1,12737,0.0079
PERCENT CHANGE IN APOLIPOPROTEIN B,Phase 1,2,5382,0.0372
PERCENT CHANGE IN APOLIPOPROTEIN B,Phase 2,26,17715,0.1468
PERCENT CHANGE IN APOLIPOPROTEIN B,Phase 3,74,12737,0.5810
PERCENT CHANGE IN APOLIPOPROTEIN B,Phase 4,5,7428,0.0673
PERCENT CHANGE IN BODY WEIGHT,Phase 1,1,5382,0.0186
PERCENT CHANGE IN BODY WEIGHT,Phase 2,35,17715,0.1976
PERCENT CHANGE IN BODY WEIGHT,Phase 3,29,12737,0.2277
PERCENT CHANGE IN BODY WEIGHT,Phase 4,6,7428,0.0808
PERCENT CHANGE IN BONE MINERAL DENSITY,Phase 1,5,5382,0.0929
PERCENT CHANGE IN BONE MINERAL DENSITY,Phase 2,13,17715,0.0734
PERCENT CHANGE IN BONE MINERAL DENSITY,Phase 3,40,12737,0.3140
PERCENT CHANGE IN BONE MINERAL DENSITY,Phase 4,6,7428,0.0808
PERCENT CHANGE IN EASI SCORE,Phase 1,2,5382,0.0372
PERCENT CHANGE IN EASI SCORE,Phase 2,29,17715,0.1637
PERCENT CHANGE IN EASI SCORE,Phase 3,23,12737,0.1806
PERCENT CHANGE IN FASTING TRIGLYCERIDES,Phase 1,2,5382,0.0372
PERCENT CHANGE IN FASTING TRIGLYCERIDES,Phase 2,13,17715,0.0734
PERCENT CHANGE IN FASTING TRIGLYCERIDES,Phase 3,32,12737,0.2512
PERCENT CHANGE IN FASTING TRIGLYCERIDES,Phase 4,3,7428,0.0404
PERCENT CHANGE IN HDL CHOLESTEROL,Phase 1,4,5382,0.0743
PERCENT CHANGE IN HDL CHOLESTEROL,Phase 2,24,17715,0.1355
PERCENT CHANGE IN HDL CHOLESTEROL,Phase 3,92,12737,0.7223
PERCENT CHANGE IN HDL CHOLESTEROL,Phase 4,7,7428,0.0942
PERCENT CHANGE IN LDL CHOLESTEROL,Phase 1,6,5382,0.1115
PERCENT CHANGE IN LDL CHOLESTEROL,Phase 2,48,17715,0.2710
PERCENT CHANGE IN LDL CHOLESTEROL,Phase 3,126,12737,0.9892
PERCENT CHANGE IN LDL CHOLESTEROL,Phase 4,10,7428,0.1346
PERCENT CHANGE IN LDL-C,Phase 1,1,5382,0.0186
PERCENT CHANGE IN LDL-C,Phase 2,14,17715,0.0790
PERCENT CHANGE IN LDL-C,Phase 3,47,12737,0.3690
PERCENT CHANGE IN LDL-C,Phase 4,3,7428,0.0404
PERCENT CHANGE IN NON-HDL CHOLESTEROL,Phase 1,1,5382,0.0186
PERCENT CHANGE IN NON-HDL CHOLESTEROL,Phase 2,10,17715,0.0564
PERCENT CHANGE IN NON-HDL CHOLESTEROL,Phase 3,44,12737,0.3455
PERCENT CHANGE IN NON-HDL CHOLESTEROL,Phase 4,1,7428,0.0135
PERCENT CHANGE IN NON-HDL-C,Phase 2,15,17715,0.0847
PERCENT CHANGE IN NON-HDL-C,Phase 3,51,12737,0.4004
PERCENT CHANGE IN NON-HDL-C,Phase 4,4,7428,0.0539
PERCENT CHANGE IN PASI SCORE,Phase 1,1,5382,0.0186
PERCENT CHANGE IN PASI SCORE,Phase 2,18,17715,0.1016
PERCENT CHANGE IN PASI SCORE,Phase 3,22,12737,0.1727
PERCENT CHANGE IN PASI SCORE,Phase 4,5,7428,0.0673
PERCENT CHANGE IN TOTAL CHOLESTEROL,Phase 1,5,5382,0.0929
PERCENT CHANGE IN TOTAL CHOLESTEROL,Phase 2,22,17715,0.1242
PERCENT CHANGE IN TOTAL CHOLESTEROL,Phase 3,94,12737,0.7380
PERCENT CHANGE IN TOTAL CHOLESTEROL,Phase 4,8,7428,0.1077
PERCENT CHANGE IN TRIGLYCERIDES,Phase 1,3,5382,0.0557
PERCENT CHANGE IN TRIGLYCERIDES,Phase 2,25,17715,0.1411
PERCENT CHANGE IN TRIGLYCERIDES,Phase 3,73,12737,0.5731
PERCENT CHANGE IN TRIGLYCERIDES,Phase 4,8,7428,0.1077
PERCENTAGE OF PARTICIPANTS ACHIEVING CLINICAL REMISSION,Phase 2,15,17715,0.0847
PERCENTAGE OF PARTICIPANTS ACHIEVING CLINICAL REMISSION,Phase 3,25,12737,0.1963
PERCENTAGE OF PARTICIPANTS ACHIEVING CLINICAL REMISSION,Phase 4,2,7428,0.0269
PERCENTAGE OF PARTICIPANTS ACHIEVING TARGET,Phase 1,5,5382,0.0929
PERCENTAGE OF PARTICIPANTS ACHIEVING TARGET,Phase 2,141,17715,0.7959
PERCENTAGE OF PARTICIPANTS ACHIEVING TARGET,Phase 3,498,12737,3.9099
PERCENTAGE OF PARTICIPANTS ACHIEVING TARGET,Phase 4,101,7428,1.3597
PERCENTAGE OF PARTICIPANTS COMPLETING TREATMENT,Phase 1,2,5382,0.0372
PERCENTAGE OF PARTICIPANTS COMPLETING TREATMENT,Phase 2,33,17715,0.1863
PERCENTAGE OF PARTICIPANTS COMPLETING TREATMENT,Phase 3,16,12737,0.1256
PERCENTAGE OF PARTICIPANTS COMPLETING TREATMENT,Phase 4,14,7428,0.1885
PERCENTAGE OF PARTICIPANTS EXPERIENCING TREATMENT-EMERGENT ADVERSE EVENTS,Phase 1,18,5382,0.3344
PERCENTAGE OF PARTICIPANTS EXPERIENCING TREATMENT-EMERGENT ADVERSE EVENTS,Phase 2,16,17715,0.0903
PERCENTAGE OF PARTICIPANTS EXPERIENCING TREATMENT-EMERGENT ADVERSE EVENTS,Phase 3,7,12737,0.0550
PERCENTAGE OF PARTICIPANTS REPORTING LOCAL REACTIONS,Phase 2,10,17715,0.0564
PERCENTAGE OF PARTICIPANTS REPORTING LOCAL REACTIONS,Phase 3,36,12737,0.2826
PERCENTAGE OF PARTICIPANTS REPORTING LOCAL REACTIONS,Phase 4,3,7428,0.0404
PERCENTAGE OF PARTICIPANTS REPORTING SYSTEMIC EVENTS,Phase 2,7,17715,0.0395
PERCENTAGE OF PARTICIPANTS REPORTING SYSTEMIC EVENTS,Phase 3,33,12737,0.2591
PERCENTAGE OF PARTICIPANTS REPORTING SYSTEMIC EVENTS,Phase 4,4,7428,0.0539
PERCENTAGE OF PARTICIPANTS WHO DIED,Phase 1,3,5382,0.0557
PERCENTAGE OF PARTICIPANTS WHO DIED,Phase 2,31,17715,0.1750
PERCENTAGE OF PARTICIPANTS WHO DIED,Phase 3,25,12737,0.1963
PERCENTAGE OF PARTICIPANTS WHO DIED,Phase 4,4,7428,0.0539
PERCENTAGE OF PARTICIPANTS WITH ADVERSE EVENTS,Phase 1,58,5382,1.0777
PERCENTAGE OF PARTICIPANTS WITH ADVERSE EVENTS,Phase 2,188,17715,1.0612
PERCENTAGE OF PARTICIPANTS WITH ADVERSE EVENTS,Phase 3,245,12737,1.9235
PERCENTAGE OF PARTICIPANTS WITH ADVERSE EVENTS,Phase 4,47,7428,0.6327
PERCENTAGE OF PARTICIPANTS WITH ANTI-DRUG ANTIBODIES,Phase 1,6,5382,0.1115
PERCENTAGE OF PARTICIPANTS WITH ANTI-DRUG ANTIBODIES,Phase 2,21,17715,0.1185
PERCENTAGE OF PARTICIPANTS WITH ANTI-DRUG ANTIBODIES,Phase 3,26,12737,0.2041
PERCENTAGE OF PARTICIPANTS WITH AT LEAST ONE ADVERSE EVENT,Phase 1,3,5382,0.0557
PERCENTAGE OF PARTICIPANTS WITH AT LEAST ONE ADVERSE EVENT,Phase 2,15,17715,0.0847
PERCENTAGE OF PARTICIPANTS WITH AT LEAST ONE ADVERSE EVENT,Phase 3,17,12737,0.1335
PERCENTAGE OF PARTICIPANTS WITH AT LEAST ONE ADVERSE EVENT,Phase 4,2,7428,0.0269
PERCENTAGE OF PARTICIPANTS WITH CLINICAL RESPONSE,Phase 2,20,17715,0.1129
PERCENTAGE OF PARTICIPANTS WITH CLINICAL RESPONSE,Phase 3,22,12737,0.1727
PERCENTAGE OF PARTICIPANTS WITH CLINICAL RESPONSE,Phase 4,3,7428,0.0404
PERCENTAGE OF PARTICIPANTS WITH HCV RNA < LLOQ,Phase 1,1,5382,0.0186
PERCENTAGE OF PARTICIPANTS WITH HCV RNA < LLOQ,Phase 2,29,17715,0.1637
PERCENTAGE OF PARTICIPANTS WITH HCV RNA < LLOQ,Phase 3,25,12737,0.1963
PERCENTAGE OF PARTICIPANTS WITH LABORATORY ABNORMALITIES,Phase 1,59,5382,1.0962
PERCENTAGE OF PARTICIPANTS WITH LABORATORY ABNORMALITIES,Phase 2,56,17715,0.3161
PERCENTAGE OF PARTICIPANTS WITH LABORATORY ABNORMALITIES,Phase 3,83,12737,0.6516
PERCENTAGE OF PARTICIPANTS WITH LABORATORY ABNORMALITIES,Phase 4,8,7428,0.1077
PERCENTAGE OF PARTICIPANTS WITH RELAPSE,Phase 2,6,17715,0.0339
PERCENTAGE OF PARTICIPANTS WITH RELAPSE,Phase 3,11,12737,0.0864
PERCENTAGE OF PARTICIPANTS WITH RELAPSE,Phase 4,6,7428,0.0808
PERCENTAGE OF PARTICIPANTS WITH SERIOUS ADVERSE EVENTS,Phase 1,12,5382,0.2230
PERCENTAGE OF PARTICIPANTS WITH SERIOUS ADVERSE EVENTS,Phase 2,46,17715,0.2597
PERCENTAGE OF PARTICIPANTS WITH SERIOUS ADVERSE EVENTS,Phase 3,75,12737,0.5888
PERCENTAGE OF PARTICIPANTS WITH SERIOUS ADVERSE EVENTS,Phase 4,7,7428,0.0942
PERCENTAGE OF PARTICIPANTS WITH SYSTEMIC EVENTS,Phase 1,3,5382,0.0557
PERCENTAGE OF PARTICIPANTS WITH SYSTEMIC EVENTS,Phase 2,11,17715,0.0621
PERCENTAGE OF PARTICIPANTS WITH SYSTEMIC EVENTS,Phase 3,27,12737,0.2120
PERCENTAGE OF PARTICIPANTS WITH SYSTEMIC EVENTS,Phase 4,3,7428,0.0404
PERCENTAGE OF PARTICIPANTS WITH TREATMENT EMERGENT ADVERSE EVENTS,Phase 1,10,5382,0.1858
PERCENTAGE OF PARTICIPANTS WITH TREATMENT EMERGENT ADVERSE EVENTS,Phase 2,19,17715,0.1073
PERCENTAGE OF PARTICIPANTS WITH TREATMENT EMERGENT ADVERSE EVENTS,Phase 3,23,12737,0.1806
PERCENTAGE OF PARTICIPANTS WITH TREATMENT EMERGENT ADVERSE EVENTS,Phase 4,4,7428,0.0539
PERCENTAGE OF PARTICIPANTS WITH TREATMENT-EMERGENT ADVERSE EVENTS,Phase 1,43,5382,0.7990
PERCENTAGE OF PARTICIPANTS WITH TREATMENT-EMERGENT ADVERSE EVENTS,Phase 2,72,17715,0.4064
PERCENTAGE OF PARTICIPANTS WITH TREATMENT-EMERGENT ADVERSE EVENTS,Phase 3,96,12737,0.7537
PERCENTAGE OF PARTICIPANTS WITH TREATMENT-EMERGENT ADVERSE EVENTS,Phase 4,11,7428,0.1481
PERCENTAGE OF PARTICIPANTS WITH VIROLOGIC FAILURE,Phase 2,38,17715,0.2145
PERCENTAGE OF PARTICIPANTS WITH VIROLOGIC FAILURE,Phase 3,57,12737,0.4475
PERCENTAGE OF PARTICIPANTS WITH VIROLOGIC FAILURE,Phase 4,2,7428,0.0269
PERCENTAGE OF PATIENTS ACHIEVING TARGET,Phase 2,2,17715,0.0113
PERCENTAGE OF PATIENTS ACHIEVING TARGET,Phase 3,34,12737,0.2669
PERCENTAGE OF PATIENTS ACHIEVING TARGET,Phase 4,9,7428,0.1212
PHYSICAL FUNCTION,Phase 1,1,5382,0.0186
PHYSICAL FUNCTION,Phase 2,7,17715,0.0395
PHYSICAL FUNCTION,Phase 3,3,12737,0.0236
PHYSICAL FUNCTION,Phase 4,4,7428,0.0539
PITTSBURGH SLEEP QUALITY INDEX SCORE,Phase 1,1,5382,0.0186
PITTSBURGH SLEEP QUALITY INDEX SCORE,Phase 2,9,17715,0.0508
PITTSBURGH SLEEP QUALITY INDEX SCORE,Phase 3,4,12737,0.0314
PITTSBURGH SLEEP QUALITY INDEX SCORE,Phase 4,2,7428,0.0269
PLASMA DECAY HALF-LIFE,Phase 1,56,5382,1.0405
PLASMA DECAY HALF-LIFE,Phase 2,15,17715,0.0847
PLASMA DECAY HALF-LIFE,Phase 3,1,12737,0.0079
PLASMA DECAY HALF-LIFE,Phase 4,1,7428,0.0135
PLASMA DRUG CONCENTRATION,Phase 1,247,5382,4.5894
PLASMA DRUG CONCENTRATION,Phase 2,432,17715,2.4386
PLASMA DRUG CONCENTRATION,Phase 3,211,12737,1.6566
PLASMA DRUG CONCENTRATION,Phase 4,50,7428,0.6731
PLASMA TROUGH CONCENTRATION,Phase 1,9,5382,0.1672
PLASMA TROUGH CONCENTRATION,Phase 2,20,17715,0.1129
PLASMA TROUGH CONCENTRATION,Phase 3,10,12737,0.0785
PROCEDURAL SUCCESS,Phase 2,3,17715,0.0169
PROCEDURAL SUCCESS,Phase 3,6,12737,0.0471
PROCEDURAL SUCCESS,Phase 4,4,7428,0.0539
PROCEDURE TIME,Phase 2,1,17715,0.0056
PROCEDURE TIME,Phase 3,4,12737,0.0314
PROCEDURE TIME,Phase 4,7,7428,0.0942
PROGRESSION-FREE SURVIVAL,Phase 1,397,5382,7.3764
PROGRESSION-FREE SURVIVAL,Phase 2,3203,17715,18.0807
PROGRESSION-FREE SURVIVAL,Phase 3,969,12737,7.6078
PROGRESSION-FREE SURVIVAL,Phase 4,59,7428,0.7943
PROGRESSION-FREE SURVIVAL RATE,Phase 1,4,5382,0.0743
PROGRESSION-FREE SURVIVAL RATE,Phase 2,42,17715,0.2371
PROGRESSION-FREE SURVIVAL RATE,Phase 3,9,12737,0.0707
PROSTATE-SPECIFIC ANTIGEN RESPONSE,Phase 1,4,5382,0.0743
PROSTATE-SPECIFIC ANTIGEN RESPONSE,Phase 2,47,17715,0.2653
PROSTATE-SPECIFIC ANTIGEN RESPONSE,Phase 3,4,12737,0.0314
PROSTATE-SPECIFIC ANTIGEN RESPONSE,Phase 4,2,7428,0.0269
PRURITUS SCORE,Phase 1,3,5382,0.0557
PRURITUS SCORE,Phase 2,20,17715,0.1129
PRURITUS SCORE,Phase 3,17,12737,0.1335
PRURITUS SCORE,Phase 4,26,7428,0.3500
PSA RESPONSE RATE,Phase 1,2,5382,0.0372
PSA RESPONSE RATE,Phase 2,41,17715,0.2314
PSA RESPONSE RATE,Phase 3,9,12737,0.0707
PSA RESPONSE RATE,Phase 4,1,7428,0.0135
QUALITY OF LIFE SCORE,Phase 1,5,5382,0.0929
QUALITY OF LIFE SCORE,Phase 2,55,17715,0.3105
QUALITY OF LIFE SCORE,Phase 3,49,12737,0.3847
QUALITY OF LIFE SCORE,Phase 4,33,7428,0.4443
RATE OF ADVERSE EVENTS,Phase 1,2,5382,0.0372
RATE OF ADVERSE EVENTS,Phase 2,13,17715,0.0734
RATE OF ADVERSE EVENTS,Phase 3,12,12737,0.0942
RATE OF ADVERSE EVENTS,Phase 4,3,7428,0.0404
READMISSION RATE,Phase 2,10,17715,0.0564
READMISSION RATE,Phase 3,8,12737,0.0628
READMISSION RATE,Phase 4,9,7428,0.1212
RECOMMENDED PHASE 2 DOSE,Phase 1,63,5382,1.1706
RECOMMENDED PHASE 2 DOSE,Phase 2,13,17715,0.0734
RECRUITMENT RATE,Phase 2,1,17715,0.0056
RECRUITMENT RATE,Phase 3,2,12737,0.0157
RECRUITMENT RATE,Phase 4,1,7428,0.0135
RECURRENCE-FREE SURVIVAL,Phase 1,2,5382,0.0372
RECURRENCE-FREE SURVIVAL,Phase 2,43,17715,0.2427
RECURRENCE-FREE SURVIVAL,Phase 3,33,12737,0.2591
RELAPSE-FREE SURVIVAL,Phase 1,4,5382,0.0743
RELAPSE-FREE SURVIVAL,Phase 2,58,17715,0.3274
RELAPSE-FREE SURVIVAL,Phase 3,17,12737,0.1335
RENAL CLEARANCE,Phase 1,151,5382,2.8056
RENAL CLEARANCE,Phase 2,22,17715,0.1242
RENAL CLEARANCE,Phase 3,2,12737,0.0157
RENAL CLEARANCE,Phase 4,8,7428,0.1077
RESPIRATORY RATE,Phase 1,11,5382,0.2044
RESPIRATORY RATE,Phase 2,17,17715,0.0960
RESPIRATORY RATE,Phase 3,8,12737,0.0628
RESPIRATORY RATE,Phase 4,8,7428,0.1077
RESPONDER RATE,Phase 2,36,17715,0.2032
RESPONDER RATE,Phase 3,84,12737,0.6595
RESPONDER RATE,Phase 4,28,7428,0.3770
RETENTION RATE,Phase 1,6,5382,0.1115
RETENTION RATE,Phase 2,12,17715,0.0677
RETENTION RATE,Phase 3,3,12737,0.0236
RETENTION RATE,Phase 4,8,7428,0.1077
SEROCONVERSION FACTOR,Phase 1,1,5382,0.0186
SEROCONVERSION FACTOR,Phase 2,21,17715,0.1185
SEROCONVERSION FACTOR,Phase 3,19,12737,0.1492
SEROCONVERSION FACTOR,Phase 4,2,7428,0.0269
SEROCONVERSION RATE,Phase 1,56,5382,1.0405
SEROCONVERSION RATE,Phase 2,158,17715,0.8919
SEROCONVERSION RATE,Phase 3,252,12737,1.9785
SEROCONVERSION RATE,Phase 4,75,7428,1.0097
SEROPOSITIVITY RATE,Phase 1,2,5382,0.0372
SEROPOSITIVITY RATE,Phase 2,20,17715,0.1129
SEROPOSITIVITY RATE,Phase 3,21,12737,0.1649
SEROPOSITIVITY RATE,Phase 4,5,7428,0.0673
SEROPROTECTION RATE,Phase 1,16,5382,0.2973
SEROPROTECTION RATE,Phase 2,125,17715,0.7056
SEROPROTECTION RATE,Phase 3,235,12737,1.8450
SEROPROTECTION RATE,Phase 4,86,7428,1.1578
SERORESPONSE RATE,Phase 1,7,5382,0.1301
SERORESPONSE RATE,Phase 2,17,17715,0.0960
SERORESPONSE RATE,Phase 3,41,12737,0.3219
SERORESPONSE RATE,Phase 4,5,7428,0.0673
SLEEP DISTURBANCE SCORE,Phase 2,7,17715,0.0395
SLEEP DISTURBANCE SCORE,Phase 3,11,12737,0.0864
SLEEP DISTURBANCE SCORE,Phase 4,3,7428,0.0404
SLEEP EFFICIENCY,Phase 2,9,17715,0.0508
SLEEP EFFICIENCY,Phase 3,10,12737,0.0785
SLEEP EFFICIENCY,Phase 4,8,7428,0.1077
SLEEP QUALITY SCORE,Phase 2,8,17715,0.0452
SLEEP QUALITY SCORE,Phase 3,6,12737,0.0471
SLEEP QUALITY SCORE,Phase 4,8,7428,0.1077
STABLE DISEASE RATE,Phase 1,11,5382,0.2044
STABLE DISEASE RATE,Phase 2,49,17715,0.2766
STABLE DISEASE RATE,Phase 3,4,12737,0.0314
STABLE DISEASE RATE,Phase 4,4,7428,0.0539
STEADY-STATE CONCENTRATION,Phase 1,20,5382,0.3716
STEADY-STATE CONCENTRATION,Phase 2,28,17715,0.1581
STEADY-STATE CONCENTRATION,Phase 3,6,12737,0.0471
STEADY-STATE CONCENTRATION,Phase 4,3,7428,0.0404
SUICIDAL IDEATION ASSESSMENT,Phase 1,7,5382,0.1301
SUICIDAL IDEATION ASSESSMENT,Phase 2,43,17715,0.2427
SUICIDAL IDEATION ASSESSMENT,Phase 3,34,12737,0.2669
SUICIDAL IDEATION ASSESSMENT,Phase 4,14,7428,0.1885
SUSTAINED VIROLOGIC RESPONSE,Phase 1,6,5382,0.1115
SUSTAINED VIROLOGIC RESPONSE,Phase 2,154,17715,0.8693
SUSTAINED VIROLOGIC RESPONSE,Phase 3,190,12737,1.4917
SUSTAINED VIROLOGIC RESPONSE,Phase 4,76,7428,1.0232
SYSTEMIC CLEARANCE,Phase 1,36,5382,0.6689
SYSTEMIC CLEARANCE,Phase 2,14,17715,0.0790
SYSTEMIC CLEARANCE,Phase 3,5,12737,0.0393
SYSTEMIC CLEARANCE,Phase 4,1,7428,0.0135
SYSTOLIC BLOOD PRESSURE,Phase 1,12,5382,0.2230
SYSTOLIC BLOOD PRESSURE,Phase 2,46,17715,0.2597
SYSTOLIC BLOOD PRESSURE,Phase 3,19,12737,0.1492
SYSTOLIC BLOOD PRESSURE,Phase 4,22,7428,0.2962
TARGET LESION RESPONSE,Phase 1,15,5382,0.2787
TARGET LESION RESPONSE,Phase 2,36,17715,0.2032
TARGET LESION RESPONSE,Phase 3,5,12737,0.0393
TECHNICAL SUCCESS,Phase 2,2,17715,0.0113
TECHNICAL SUCCESS,Phase 3,4,12737,0.0314
TECHNICAL SUCCESS,Phase 4,1,7428,0.0135
TERMINAL ELIMINATION HALF-LIFE,Phase 1,160,5382,2.9729
TERMINAL ELIMINATION HALF-LIFE,Phase 2,46,17715,0.2597
TERMINAL ELIMINATION HALF-LIFE,Phase 3,14,12737,0.1099
TERMINAL ELIMINATION HALF-LIFE,Phase 4,9,7428,0.1212
TERMINAL HALF-LIFE,Phase 1,190,5382,3.5303
TERMINAL HALF-LIFE,Phase 2,58,17715,0.3274
TERMINAL HALF-LIFE,Phase 3,16,12737,0.1256
TERMINAL HALF-LIFE,Phase 4,10,7428,0.1346
TERMINAL PHASE ELIMINATION HALF-LIFE,Phase 1,28,5382,0.5203
TERMINAL PHASE ELIMINATION HALF-LIFE,Phase 2,7,17715,0.0395
TERMINAL PHASE ELIMINATION HALF-LIFE,Phase 3,3,12737,0.0236
TIME OF MAXIMUM CONCENTRATION,Phase 1,28,5382,0.5203
TIME OF MAXIMUM CONCENTRATION,Phase 2,9,17715,0.0508
TIME OF MAXIMUM CONCENTRATION,Phase 3,2,12737,0.0157
TIME OF MAXIMUM CONCENTRATION,Phase 4,2,7428,0.0269
TIME TO DEATH,Phase 1,1,5382,0.0186
TIME TO DEATH,Phase 2,13,17715,0.0734
TIME TO DEATH,Phase 3,19,12737,0.1492
TIME TO DEATH,Phase 4,3,7428,0.0404
TIME TO FIRST EXACERBATION,Phase 2,16,17715,0.0903
TIME TO FIRST EXACERBATION,Phase 3,25,12737,0.1963
TIME TO FIRST EXACERBATION,Phase 4,7,7428,0.0942
TIME TO HOSPITAL DISCHARGE,Phase 2,34,17715,0.1919
TIME TO HOSPITAL DISCHARGE,Phase 3,28,12737,0.2198
TIME TO HOSPITAL DISCHARGE,Phase 4,15,7428,0.2019
TIME TO MAXIMUM CONCENTRATION,Phase 1,1470,5382,27.3133
TIME TO MAXIMUM CONCENTRATION,Phase 2,619,17715,3.4942
TIME TO MAXIMUM CONCENTRATION,Phase 3,146,12737,1.1463
TIME TO MAXIMUM CONCENTRATION,Phase 4,70,7428,0.9424
TIME TO MAXIMUM PLASMA CONCENTRATION,Phase 1,74,5382,1.3750
TIME TO MAXIMUM PLASMA CONCENTRATION,Phase 2,43,17715,0.2427
TIME TO MAXIMUM PLASMA CONCENTRATION,Phase 3,11,12737,0.0864
TIME TO MAXIMUM PLASMA CONCENTRATION,Phase 4,2,7428,0.0269
TIME TO NEXT TREATMENT,Phase 1,1,5382,0.0186
TIME TO NEXT TREATMENT,Phase 2,42,17715,0.2371
TIME TO NEXT TREATMENT,Phase 3,40,12737,0.3140
TIME TO NEXT TREATMENT,Phase 4,4,7428,0.0539
TIME TO PROGRESSION,Phase 1,50,5382,0.9290
TIME TO PROGRESSION,Phase 2,532,17715,3.0031
TIME TO PROGRESSION,Phase 3,144,12737,1.1306
TIME TO PROGRESSION,Phase 4,9,7428,0.1212
TIME TO PSA PROGRESSION,Phase 1,2,5382,0.0372
TIME TO PSA PROGRESSION,Phase 2,47,17715,0.2653
TIME TO PSA PROGRESSION,Phase 3,32,12737,0.2512
TIME TO PSA PROGRESSION,Phase 4,6,7428,0.0808
TIME TO RELAPSE,Phase 1,1,5382,0.0186
TIME TO RELAPSE,Phase 2,23,17715,0.1298
TIME TO RELAPSE,Phase 3,41,12737,0.3219
TIME TO RELAPSE,Phase 4,8,7428,0.1077
TIME TO RESPONSE,Phase 1,32,5382,0.5946
TIME TO RESPONSE,Phase 2,239,17715,1.3491
TIME TO RESPONSE,Phase 3,109,12737,0.8558
TIME TO RESPONSE,Phase 4,5,7428,0.0673
TIME TO TREATMENT FAILURE,Phase 1,5,5382,0.0929
TIME TO TREATMENT FAILURE,Phase 2,155,17715,0.8750
TIME TO TREATMENT FAILURE,Phase 3,81,12737,0.6359
TIME TO TREATMENT FAILURE,Phase 4,13,7428,0.1750
TIME TO TUMOR PROGRESSION,Phase 1,7,5382,0.1301
TIME TO TUMOR PROGRESSION,Phase 2,45,17715,0.2540
TIME TO TUMOR PROGRESSION,Phase 3,19,12737,0.1492
TIME TO TUMOR PROGRESSION,Phase 4,5,7428,0.0673
TIMED UP AND GO TEST,Phase 1,1,5382,0.0186
TIMED UP AND GO TEST,Phase 2,2,17715,0.0113
TIMED UP AND GO TEST,Phase 3,1,12737,0.0079
TIMED UP AND GO TEST,Phase 4,7,7428,0.0942
TOTAL ADVERSE EVENTS SUMMARY,Phase 1,18,5382,0.3344
TOTAL ADVERSE EVENTS SUMMARY,Phase 2,55,17715,0.3105
TOTAL ADVERSE EVENTS SUMMARY,Phase 3,29,12737,0.2277
TOTAL ADVERSE EVENTS SUMMARY,Phase 4,6,7428,0.0808
TOTAL BODY CLEARANCE,Phase 1,67,5382,1.2449
TOTAL BODY CLEARANCE,Phase 2,14,17715,0.0790
TOTAL BODY CLEARANCE,Phase 3,5,12737,0.0393
TOTAL BODY CLEARANCE,Phase 4,1,7428,0.0135
TOTAL OPIOID CONSUMPTION,Phase 2,9,17715,0.0508
TOTAL OPIOID CONSUMPTION,Phase 3,8,12737,0.0628
TOTAL OPIOID CONSUMPTION,Phase 4,21,7428,0.2827
TOTAL SERIOUS ADVERSE EVENTS SUMMARY,Phase 1,9,5382,0.1672
TOTAL SERIOUS ADVERSE EVENTS SUMMARY,Phase 2,23,17715,0.1298
TOTAL SERIOUS ADVERSE EVENTS SUMMARY,Phase 3,11,12737,0.0864
TOTAL SERIOUS ADVERSE EVENTS SUMMARY,Phase 4,7,7428,0.0942
TOTAL SLEEP TIME,Phase 1,1,5382,0.0186
TOTAL SLEEP TIME,Phase 2,14,17715,0.0790
TOTAL SLEEP TIME,Phase 3,11,12737,0.0864
TOTAL SLEEP TIME,Phase 4,8,7428,0.1077
TRANSPLANT-RELATED MORTALITY,Phase 1,2,5382,0.0372
TRANSPLANT-RELATED MORTALITY,Phase 2,29,17715,0.1637
TRANSPLANT-RELATED MORTALITY,Phase 3,4,12737,0.0314
TREATMENT ADHERENCE RATE,Phase 1,8,5382,0.1486
TREATMENT ADHERENCE RATE,Phase 2,48,17715,0.2710
TREATMENT ADHERENCE RATE,Phase 3,34,12737,0.2669
TREATMENT ADHERENCE RATE,Phase 4,47,7428,0.6327
TREATMENT DISCONTINUATION RATE,Phase 1,1,5382,0.0186
TREATMENT DISCONTINUATION RATE,Phase 2,19,17715,0.1073
TREATMENT DISCONTINUATION RATE,Phase 3,10,12737,0.0785
TREATMENT DISCONTINUATION RATE,Phase 4,7,7428,0.0942
TREATMENT SATISFACTION,Phase 2,12,17715,0.0677
TREATMENT SATISFACTION,Phase 3,24,12737,0.1884
TREATMENT SATISFACTION,Phase 4,17,7428,0.2289
TREATMENT SUCCESS,Phase 2,10,17715,0.0564
TREATMENT SUCCESS,Phase 3,10,12737,0.0785
TREATMENT SUCCESS,Phase 4,2,7428,0.0269
TREATMENT-RELATED MORTALITY,Phase 1,3,5382,0.0557
TREATMENT-RELATED MORTALITY,Phase 2,46,17715,0.2597
TREATMENT-RELATED MORTALITY,Phase 3,18,12737,0.1413
TREATMENT-RELATED MORTALITY,Phase 4,1,7428,0.0135
TROUGH CONCENTRATION,Phase 1,74,5382,1.3750
TROUGH CONCENTRATION,Phase 2,102,17715,0.5758
TROUGH CONCENTRATION,Phase 3,61,12737,0.4789
TROUGH CONCENTRATION,Phase 4,8,7428,0.1077
TROUGH FEV1,Phase 2,19,17715,0.1073
TROUGH FEV1,Phase 3,36,12737,0.2826
TROUGH FEV1,Phase 4,7,7428,0.0942
TROUGH PLASMA CONCENTRATION,Phase 1,39,5382,0.7246
TROUGH PLASMA CONCENTRATION,Phase 2,54,17715,0.3048
TROUGH PLASMA CONCENTRATION,Phase 3,21,12737,0.1649
TROUGH PLASMA CONCENTRATION,Phase 4,5,7428,0.0673
TUMOR RESPONSE,Phase 1,9,5382,0.1672
TUMOR RESPONSE,Phase 2,43,17715,0.2427
TUMOR RESPONSE,Phase 3,5,12737,0.0393
TUMOR RESPONSE RATE,Phase 1,10,5382,0.1858
TUMOR RESPONSE RATE,Phase 2,55,17715,0.3105
TUMOR RESPONSE RATE,Phase 3,4,12737,0.0314
TUMOR RESPONSE RATE,Phase 4,2,7428,0.0269
VACCINE RESPONSE RATE,Phase 1,2,5382,0.0372
VACCINE RESPONSE RATE,Phase 2,15,17715,0.0847
VACCINE RESPONSE RATE,Phase 3,33,12737,0.2591
VACCINE RESPONSE RATE,Phase 4,4,7428,0.0539
VAS PAIN SCORE,Phase 1,5,5382,0.0929
VAS PAIN SCORE,Phase 2,5,17715,0.0282
VAS PAIN SCORE,Phase 3,12,12737,0.0942
VAS PAIN SCORE,Phase 4,36,7428,0.4847
VENTILATOR-FREE DAYS,Phase 2,12,17715,0.0677
VENTILATOR-FREE DAYS,Phase 3,16,12737,0.1256
VENTILATOR-FREE DAYS,Phase 4,1,7428,0.0135
VIRAL SUPPRESSION RATE,Phase 1,3,5382,0.0557
VIRAL SUPPRESSION RATE,Phase 2,26,17715,0.1468
VIRAL SUPPRESSION RATE,Phase 3,22,12737,0.1727
VIRAL SUPPRESSION RATE,Phase 4,21,7428,0.2827
VISUAL ACUITY,Phase 1,5,5382,0.0929
VISUAL ACUITY,Phase 2,4,17715,0.0226
VISUAL ACUITY,Phase 3,7,12737,0.0550
VISUAL ACUITY,Phase 4,4,7428,0.0539
VITAL SIGNS SUMMARY,Phase 1,21,5382,0.3902
VITAL SIGNS SUMMARY,Phase 2,13,17715,0.0734
VITAL SIGNS SUMMARY,Phase 3,9,12737,0.0707
VITAL SIGNS SUMMARY,Phase 4,5,7428,0.0673
VOLUME OF DISTRIBUTION,Phase 1,308,5382,5.7228
VOLUME OF DISTRIBUTION,Phase 2,118,17715,0.6661
VOLUME OF DISTRIBUTION,Phase 3,50,12737,0.3926
VOLUME OF DISTRIBUTION,Phase 4,24,7428,0.3231
VOLUME OF DISTRIBUTION AT STEADY STATE,Phase 1,48,5382,0.8919
VOLUME OF DISTRIBUTION AT STEADY STATE,Phase 2,27,17715,0.1524
VOLUME OF DISTRIBUTION AT STEADY STATE,Phase 3,15,12737,0.1178
VOLUME OF DISTRIBUTION AT STEADY STATE,Phase 4,5,7428,0.0673
